date,era,actual,gas_history,oil_30d,oil_lags,oil_and_wholesale
2008-01-07,2008-2011,0.05600000000000005,0.030972865781453994,0.030009268258706954,0.05687170856049231,0.06082615017124498
2008-01-14,2008-2011,-0.040999999999999925,0.017743939778818895,0.008465024255400798,0.015184142387143797,0.016845712084715248
2008-01-21,2008-2011,-0.051000000000000156,0.0019098533864912617,0.00848416312806311,-0.012127647152934566,-0.010861005112048759
2008-01-28,2008-2011,-0.040000000000000036,-0.0048720585150759405,-0.016305823310816595,-0.03556219272775614,-0.033124037041552444
2008-02-04,2008-2011,0.001000000000000334,-0.01806040567288521,-0.018945485999641576,-0.0183733340503641,-0.017355980322273104
2008-02-11,2008-2011,-0.018000000000000238,-0.0008706809613979725,0.00913485385339611,0.002802434615476471,-0.006874457240531612
2008-02-18,2008-2011,0.08199999999999985,-0.005805256270610916,-0.0028517404625525993,0.004215160744838583,0.018771498883740915
2008-02-25,2008-2011,0.08800000000000008,0.03954570162760335,0.03328980317187855,0.06331959254453337,0.07040506848190262
2008-03-03,2008-2011,0.03200000000000003,0.033921610051405704,0.030158831525462292,0.03704682089880861,0.030295058275685814
2008-03-10,2008-2011,0.06300000000000017,0.033576631795050146,0.037914652331402135,0.056322718255146224,0.05417605412806577
2008-03-17,2008-2011,0.05899999999999972,0.04392406060791613,0.03225460179880292,0.04672801907011059,0.04637646809635664
2008-03-24,2008-2011,-0.02499999999999991,0.030188066427896964,0.0406482821676387,0.07517336756134153,0.05280089756978966
2008-03-31,2008-2011,0.03100000000000014,0.007360163450955673,-0.005149178834639874,-0.04512172622229353,-0.038778074201048535
2008-04-07,2008-2011,0.041999999999999815,0.028004095403418784,0.021029135327059318,0.014607313027480057,-0.00439947854423419
2008-04-14,2008-2011,0.05699999999999994,0.013678599142258677,0.0036622724682442366,0.009262029684061299,0.016032606372994366
2008-04-21,2008-2011,0.11900000000000022,0.03236821163817014,0.05844725048628638,0.0802323595970777,0.08284672119849727
2008-04-28,2008-2011,0.0950000000000002,0.05397487017247325,0.04875624529395688,0.07728945720502191,0.0909138630882526
2008-05-05,2008-2011,0.009999999999999787,0.04497013996171148,0.050034559933730204,0.08540039282026606,0.07692113865611463
2008-05-12,2008-2011,0.10899999999999999,0.02499053558625765,0.01604135529137232,0.005345277674072272,0.0062281822645792176
2008-05-19,2008-2011,0.06899999999999995,0.05560913786929996,0.05608122293210234,0.09645359125605106,0.10053980102923395
2008-05-26,2008-2011,0.1459999999999999,0.021183438770858456,0.0060237810860675695,0.022281130372221996,0.023029264017767857
2008-06-02,2008-2011,0.039000000000000146,0.07187314520800586,0.08900757849944792,0.09726831331347194,0.08719275593135274
2008-06-09,2008-2011,0.06299999999999972,0.017560549484153264,-0.00903240609297357,0.0052667701760885305,0.016956452602248644
2008-06-16,2008-2011,0.04300000000000015,0.0446598812807456,0.05359460567626461,0.09408132964687616,0.09487335019090402
2008-06-23,2008-2011,-0.0030000000000001137,0.01152263209638197,-0.0017043536170270588,0.017864040673211165,0.012731840407100119
2008-06-30,2008-2011,0.016000000000000014,0.0026920958830785368,0.008107242403398112,-0.001722818479883731,-0.014513205525247382
2008-07-07,2008-2011,0.019000000000000128,0.005031067443473371,0.0033606900202024967,0.061321026931220345,0.06445682355868797
2008-07-14,2008-2011,-0.0009999999999994458,-0.0037335683683121985,-0.011390146937122385,0.03539706513368148,0.02794229478737133
2008-07-21,2008-2011,-0.04900000000000038,-0.006709510867442665,-0.0054280338079875645,0.012494623917568271,0.017456111802762575
2008-07-28,2008-2011,-0.10899999999999999,-0.024760249350684098,-0.03601721998232003,-0.1280272667472105,-0.14140112334150795
2008-08-04,2008-2011,-0.07500000000000018,-0.05015846685109499,-0.059064328851388924,-0.09056566118545513,-0.07830257904493111
2008-08-11,2008-2011,-0.07099999999999973,-0.04516069262712897,-0.04474205821140597,-0.04624057242828395,-0.028904309099265422
2008-08-18,2008-2011,-0.06899999999999995,-0.05499990079721045,-0.02347960198224747,-0.12410119810359074,-0.13003664568127835
2008-08-25,2008-2011,-0.05500000000000016,-0.04574306038055358,-0.0397595702049795,-0.0662357282504665,-0.05313107257259224
2008-09-01,2008-2011,-0.004999999999999893,-0.041310138930407365,-0.03918119391147635,-0.032512484805545167,-0.029502690893129884
2008-09-08,2008-2011,-0.03200000000000003,-0.023203362384389834,0.004393970194758752,-0.018115581077667805,0.01434279411602912
2008-09-15,2008-2011,0.18699999999999983,-0.03187298995497633,-0.020569508901229543,-0.11423960612851207,-0.08946243837353715
2008-09-22,2008-2011,-0.11699999999999999,0.05852270718837483,0.04033153637876179,-0.07253670928002537,0.1809850891139842
2008-09-29,2008-2011,-0.08599999999999985,-0.06636540084222614,-0.06306768262894828,-0.0698513095946686,-0.21573317090674055
2008-10-06,2008-2011,-0.14800000000000013,-0.0021758941158864713,0.03276528821284971,0.0429785825419805,0.1282202287821878
2008-10-13,2008-2011,-0.3330000000000002,-0.09297862578476357,-0.0655107276176192,-0.13936293615081083,-0.27032003740880567
2008-10-20,2008-2011,-0.23699999999999966,-0.14078103289148794,-0.13887101263897414,-0.1992942776092746,-0.3172890147178158
2008-10-27,2008-2011,-0.258,-0.1123484983804125,-0.14209887322268644,-0.21548868754861383,-0.2576795751290024
2008-11-03,2008-2011,-0.2560000000000002,-0.15525167952630148,-0.13787384732790403,-0.20007975121177193,-0.1448772030406761
2008-11-10,2008-2011,-0.1759999999999997,-0.12662250056492583,-0.10743400302074477,-0.08035008593101776,-0.03129478048218091
2008-11-17,2008-2011,-0.15200000000000014,-0.103385037358613,-0.09090627037638153,-0.13436079010226398,-0.1610179300941755
2008-11-24,2008-2011,-0.18000000000000016,-0.09407387012050249,-0.09705092911889455,-0.09362120578857604,-0.09768529788919014
2008-12-01,2008-2011,-0.08099999999999996,-0.0878572146070692,-0.09165532191090921,-0.16020233918241686,-0.14172044924781838
2008-12-08,2008-2011,-0.11199999999999988,-0.04748261762069597,-0.0525366570719991,-0.03849040439486919,-0.029336751994869254
2008-12-15,2008-2011,-0.040000000000000036,-0.06657958757241843,-0.05706271814596391,-0.1633936785441302,-0.15910570057697704
2008-12-22,2008-2011,-0.006000000000000005,-0.01744036518129865,-0.012343669093187177,0.0025971325824683273,0.014744301163671765
2008-12-29,2008-2011,-0.040000000000000036,-0.015489728095236197,-0.024010839333942463,-0.08554731098537478,-0.08279089899439393
2009-01-05,2008-2011,0.07099999999999995,-0.012602095820430871,0.006120678434426568,-0.027996595170289223,-0.044716073952499394
2009-01-12,2008-2011,0.10000000000000009,0.034136650374158035,0.019104244335606684,0.059562327168835104,0.06986112391791391
2009-01-19,2008-2011,0.06299999999999994,0.03458718129092696,0.02867677423417957,-0.01659969969206487,-0.026288475088438054
2009-01-26,2008-2011,-0.008999999999999897,0.04392654156247966,0.07092973290604491,0.0639057583955171,0.08672981891576058
2009-02-02,2008-2011,0.053999999999999826,0.020739732200367286,0.0007185528938643479,0.008458559095909323,-0.0076610291016806055
2009-02-09,2008-2011,0.03400000000000003,0.03816650838517798,0.03807038723894456,0.02009425073525103,0.0531916206831294
2009-02-16,2008-2011,0.038000000000000034,0.0168304001481747,0.0078121798677975845,0.005447513193997222,-0.0027921273788569876
2009-02-23,2008-2011,-0.05499999999999994,0.034306995120783314,0.04736819030348014,0.007847512946135737,-0.005822346425311588
2009-03-02,2008-2011,0.02499999999999991,-0.005868642773812268,-0.011899546394082328,0.03153193700301086,0.025171727993774737
2009-03-09,2008-2011,0.007000000000000117,0.027920286202102778,0.026383345641533953,0.015951735166994954,0.03604702947783847
2009-03-16,2008-2011,-0.03100000000000014,0.0008210428304254503,0.0011450032546462714,-0.00888756251890157,-0.028301399468039837
2009-03-23,2008-2011,0.052000000000000046,0.006558340127448051,0.01133041647948411,0.051989186456094655,0.04546353528570857
2009-03-30,2008-2011,0.08399999999999985,0.03147387578594946,0.02809341755584567,0.047665219756227895,0.05541031424058162
2009-04-06,2008-2011,-0.008999999999999897,0.033778641643069394,0.0388618458288597,0.04016245559486076,0.04653145300580521
2009-04-13,2008-2011,0.014000000000000234,0.015948697971463578,0.011219548026910615,0.006043648342050802,0.006803329187701425
2009-04-20,2008-2011,0.008000000000000007,0.029629672481192457,0.022988125829711197,0.027561788352607117,0.015096907359179321
2009-04-27,2008-2011,-0.010000000000000231,0.0067077678503167865,0.003753316624496952,0.0045344424878618434,0.0214238677242005
2009-05-04,2008-2011,0.028999999999999915,0.007525991602607198,0.00857355747135319,0.004046197868925161,-0.0012379814725510287
2009-05-11,2008-2011,0.16200000000000037,0.01950862859166077,0.012642733290173298,0.023826045991291674,0.026254938861609043
2009-05-18,2008-2011,0.06899999999999995,0.06292857144896313,0.06186519634594007,0.08065738702330129,0.07678631811471644
2009-05-25,2008-2011,0.1259999999999999,0.0321772422762952,0.039319269002569844,0.04444339750766197,0.04969362379896465
2009-06-01,2008-2011,0.08899999999999997,0.07905245488514452,0.08037068976161861,0.07793650201887754,0.07729441761970222
2009-06-08,2008-2011,0.10000000000000009,0.039318985855313744,0.03745004113791506,0.06437545780528739,0.06904004069929351
2009-06-15,2008-2011,0.04800000000000004,0.05766476753356249,0.05949542171749693,0.06704837820686353,0.06390989316848411
2009-06-22,2008-2011,0.018999999999999684,0.027540398882129273,0.030272815784350694,0.055642477602482684,0.050731582208513565
2009-06-29,2008-2011,-0.04899999999999993,0.020624663038241686,0.008751498889479374,0.010795500474401074,-0.00792907180945832
2009-07-06,2008-2011,-0.029999999999999805,-0.015260453330012346,-0.018714616520297753,-0.01115940173430905,-0.0020754287698339213
2009-07-13,2008-2011,-0.08400000000000007,-0.011112029184512092,-0.015040043219367449,-0.019155171311956456,-0.030355725088848474
2009-07-20,2008-2011,-0.06499999999999995,-0.04458029611588006,-0.04718826324343366,-0.07591462549185876,-0.08222670984151752
2009-07-27,2008-2011,0.040000000000000036,-0.030556846339957536,-0.023812232689635192,0.0009565484281167836,0.007367532312880066
2009-08-03,2008-2011,0.053999999999999826,-0.004536075955620377,-0.000817638494846618,0.020568280225463607,0.025799324315517857
2009-08-10,2008-2011,0.08999999999999986,0.0026582890361192962,0.01877174901209807,0.042062757191330444,0.06179855910704252
2009-08-17,2008-2011,-0.009999999999999787,0.03461039662046397,0.020015418158947817,0.03965184005883217,0.03483809809638837
2009-08-24,2008-2011,-0.008999999999999897,-0.004953255369670636,-0.017197706092603793,-0.02943187359115128,-0.013803306821205334
2009-08-31,2008-2011,-0.015000000000000124,0.004271931441611858,0.006969378193779927,0.022184921679954877,0.012923161800773627
2009-09-07,2008-2011,-0.02499999999999991,-0.0192115614790269,-0.029254736348704072,-0.03370016149886833,-0.0391777754664134
2009-09-14,2008-2011,-0.01100000000000012,-0.018922927204372764,-0.011824679526878839,-0.04629815241081589,-0.05425687337668713
2009-09-21,2008-2011,-0.02499999999999991,-0.014698000173802713,-0.016628026102805872,0.0002927128317446264,-0.01102381630375451
2009-09-28,2008-2011,-0.052999999999999936,-0.021817981309224306,-0.01899621666916177,-0.0132361920014414,-0.0061451035973351985
2009-10-05,2008-2011,-0.03100000000000014,-0.028280020542139895,-0.008123110115950967,-0.03735489303789678,-0.04398546793161966
2009-10-12,2008-2011,0.020999999999999908,-0.022227484887401748,-0.031466698404621685,-0.015692846163700546,-0.007028559438673727
2009-10-19,2008-2011,0.08499999999999996,-0.008181328878233984,-0.013488253150463392,0.0007656820232995339,-0.0057512769212068405
2009-10-26,2008-2011,0.10000000000000009,0.019762157276296603,0.03413340327687134,0.05866619682015675,0.06953078412451315
2009-11-02,2008-2011,0.020000000000000018,0.03337715844354904,0.03148169799605978,0.043322624288903405,0.044164729987331605
2009-11-09,2008-2011,-0.028000000000000025,0.01478494213163156,0.009634604092230886,0.005068934129726293,0.007314349004292498
2009-11-16,2008-2011,-0.03699999999999992,0.0007175564213647476,-0.004815765265450255,-0.0017082889500547177,0.006508982349749206
2009-11-23,2008-2011,0.009999999999999787,-0.01655510427390692,-0.022419869159869207,-0.025292531702981454,-0.025999731132046757
2009-11-30,2008-2011,-0.009999999999999787,-0.004447950873498785,0.0028696078786843125,0.01643718372221981,0.013690874906069184
2009-12-07,2008-2011,0.004999999999999893,-0.01201920199386792,-0.015042206991119583,-0.008102961394445902,-0.011897093365438746
2009-12-14,2008-2011,-0.0349999999999997,0.004683913121710254,0.005661618334753279,0.017970899494030936,0.02816523008871725
2009-12-21,2008-2011,-0.010000000000000231,-0.014992704533815912,-0.017066939891730408,-0.05577265978038746,-0.04709858629387322
2009-12-28,2008-2011,0.018000000000000238,0.00011496619934567385,-0.00229090188097838,0.001932233103239372,-0.0025695766273697677
2010-01-04,2008-2011,0.05799999999999983,0.0024086643166393584,-0.0052084173415646445,0.016172662349621256,0.007632992535560253
2010-01-11,2008-2011,0.08599999999999985,0.023682479052529164,0.04456989476793588,0.04520395994882583,0.04135953651231043
2010-01-18,2008-2011,-0.01200000000000001,0.038241939659563434,0.03587333775576565,0.052942500281967016,0.06395724962547181
2010-01-25,2008-2011,-0.03399999999999981,0.009045184571620771,0.002873033822508359,-0.014032634953149253,-0.0007067450070251304
2010-02-01,2008-2011,-0.04400000000000004,0.008499039734319102,0.004848186048614235,-0.028194275439971443,-0.02873682001718007
2010-02-08,2008-2011,-0.008999999999999897,-0.014034663297280798,-0.016198080530800824,-0.041488073972385645,-0.04704666520406223
2010-02-15,2008-2011,-0.04400000000000004,-0.0008481077873311971,0.004045141729197626,-0.014420064005246497,-0.01423566640650277
2010-02-22,2008-2011,0.04699999999999971,-0.015200985303500171,-0.006661872688233818,0.013562975680976898,0.01592930560805153
2010-03-01,2008-2011,0.04700000000000015,0.026892781118713155,0.029185900112808263,0.05508400986573446,0.05706625742954255
2010-03-08,2008-2011,0.04899999999999993,0.016424379154684587,0.01685468272076401,0.021149849411181476,0.014135803988335357
2010-03-15,2008-2011,0.03699999999999992,0.03637324908552143,0.03431045317322619,0.04045825065283949,0.06218235583635203
2010-03-22,2008-2011,0.03100000000000014,0.0284344283216485,0.017227219474172117,0.011510354775356474,0.007833533920268365
2010-03-29,2008-2011,-0.020999999999999908,0.026749017573861736,0.030849606700135625,0.012214150722697614,0.012403943213594337
2010-04-05,2008-2011,0.028000000000000025,0.005107466249076132,-0.0014119406876616299,0.0014014177335527791,-0.00136341947496256
2010-04-12,2008-2011,0.03200000000000003,0.023447551893996,0.024038563147559092,0.051595822538095734,0.049703676908358786
2010-04-19,2008-2011,0.0019999999999997797,0.013050609086901407,0.01613622656577229,0.031257587750899624,0.024911647589436755
2010-04-26,2008-2011,-0.010999999999999677,0.012838162167437323,0.013177228543872866,0.019121639009316106,0.019193957635776703
2010-05-03,2008-2011,0.04899999999999993,0.00715753022409784,-0.003127640273007722,0.011124654886461314,0.025569829257972642
2010-05-10,2008-2011,0.006999999999999673,0.022705412691049705,0.023174358666272984,0.020696050735175147,0.008863887574081708
2010-05-17,2008-2011,-0.040999999999999925,0.0032508074570174596,-0.006465346055869398,-0.060972520882337115,-0.06064282910504026
2010-05-24,2008-2011,-0.07799999999999985,-0.0018901795743729859,-0.004190030099932728,-0.019323257735479858,-0.004850086658853051
2010-05-31,2008-2011,-0.05799999999999983,-0.02551360818299748,-0.022332776254005912,-0.07003011441326865,-0.08479215071222156
2010-06-07,2008-2011,-0.0030000000000001137,-0.025865900196816352,-0.0033971181344237228,0.008843263361387316,-0.012354748388747148
2010-06-14,2008-2011,-0.02400000000000002,-0.012624835097370434,-0.019375925692614756,-0.032088630944446105,-0.03297054692015701
2010-06-21,2008-2011,0.041999999999999815,-0.01755938093399415,-0.0029443728118575753,-0.0015475358070797078,0.005579761579814401
2010-06-28,2008-2011,0.014000000000000234,0.016259947925850247,0.01247770193734458,0.03277762187045089,0.03885822095509876
2010-07-05,2008-2011,-0.03100000000000014,-0.0031279575216026415,-0.0020062267008512462,-0.012951642525753534,-0.006560996850820673
2010-07-12,2008-2011,-0.008000000000000007,-0.006180640498801555,-0.007796278841223726,-0.0409380514588121,-0.03329271818285645
2010-07-19,2008-2011,0.0040000000000000036,-0.005380964722177023,-0.01336950796412584,-0.009422182269910095,-0.009653194576947109
2010-07-26,2008-2011,0.027000000000000135,-0.010296726020733947,-0.00536087952379476,0.0005805209087896084,-0.009636331424233164
2010-08-02,2008-2011,-0.014000000000000234,0.0031521007133430493,0.011971993194069783,0.02358729733273964,0.024750781807664796
2010-08-09,2008-2011,0.04800000000000004,-0.011819233761362064,-0.019238248123662698,-0.008251807816275714,0.0001314867246365271
2010-08-16,2008-2011,-0.03799999999999981,0.015468792301506423,0.015771070088717972,0.03327147310780226,0.023989660213051833
2010-08-23,2008-2011,-0.040999999999999925,-0.027317752311582313,-0.029209566867470494,-0.05029119053623742,-0.04888931485534101
2010-08-30,2008-2011,-0.02200000000000024,-0.012712712428915201,-0.011669663966053801,-0.03695389253572831,-0.03717969381728763
2010-09-06,2008-2011,0.0,-0.025060468915334335,-0.035554537883175544,-0.027911895041113303,-0.03091430932473602
2010-09-13,2008-2011,0.039000000000000146,-0.01501826152749341,0.0005155331419119712,-0.006160834116487897,-0.015505266709606759
2010-09-20,2008-2011,0.0019999999999997797,0.002478964897188585,0.0057450528905188016,0.018620505362213016,0.03781687673595
2010-09-27,2008-2011,-0.028999999999999915,-0.008548898653741439,-0.012367397406361462,-0.021783284552874038,-0.01934396869679348
2010-10-04,2008-2011,0.038000000000000256,-0.011866944884291847,-0.01020938011427286,0.010054174381618378,0.01865033440442054
2010-10-11,2008-2011,0.08699999999999974,0.005217760900891251,0.000311337009431568,0.0238439920826475,0.017732033113801875
2010-10-18,2008-2011,0.015000000000000124,0.01699487155173347,0.014620721552762643,0.011322713754581108,0.005981352500211355
2010-10-25,2008-2011,-0.016999999999999904,0.003918134278823972,0.001343984486493477,-6.865740183286187e-05,0.008530589817971584
2010-11-01,2008-2011,-0.01100000000000012,0.0018950167810785061,-0.0006011991846672639,0.0012723442549782008,0.008789003489763844
2010-11-08,2008-2011,0.05900000000000016,-0.01020008828210107,-0.009667121303117792,-0.009858257129708344,-0.011895584515205119
2010-11-15,2008-2011,0.02699999999999969,0.012563700833950916,0.01896835238010892,0.045330560055566065,0.029296860394224442
2010-11-22,2008-2011,-0.016000000000000014,0.002073660453066828,0.00640230412807899,-0.0029623767814249856,-0.003718676677099634
2010-11-29,2008-2011,-0.020000000000000018,0.0016163678401412101,-0.0026427326931740837,-0.010142507160228013,0.002637399249113844
2010-12-06,2008-2011,0.10200000000000031,-0.006505366028945152,-0.014306818198135623,-0.001682044479123128,0.001900202273786105
2010-12-13,2008-2011,0.021999999999999797,0.03217110092847443,0.03453692630949105,0.05695511015138812,0.06858446314866434
2010-12-20,2008-2011,0.002000000000000224,0.0011555751819941323,0.007643611894539746,0.004631370972529859,0.007903226479631499
2010-12-27,2008-2011,0.06999999999999984,0.02111361429057807,0.02001812321693753,0.033312192095738644,0.03067732655025245
2011-01-03,2008-2011,0.017999999999999794,0.027405105027342454,0.015641945925883166,0.03267324309645801,0.03457487019329999
2011-01-10,2008-2011,0.019000000000000128,0.00637539283231459,0.009792980883998796,0.015033872048282177,0.018716535368067257
2011-01-17,2008-2011,0.015000000000000124,0.023172095089575788,0.019524402396395114,0.007091642799868318,0.014956453850794936
2011-01-24,2008-2011,0.005999999999999783,0.009791795372930944,0.006245623400146965,0.03405841045826001,0.03016572866175525
2011-01-31,2008-2011,-0.008999999999999897,0.009525589149637246,0.012613538530416676,0.007975355971545374,0.011013162450012659
2011-02-07,2008-2011,0.03100000000000014,0.004184222159369875,-0.0026306456814967866,0.0015230230117220308,0.004663035728429932
2011-02-14,2008-2011,0.008000000000000007,0.01831117294715779,0.009450024377697042,0.02064740177148281,0.005727640793809306
2011-02-21,2008-2011,0.04899999999999993,0.006650864878445501,0.006366199082992869,0.004801233661685101,0.015127045657492632
2011-02-28,2008-2011,0.19399999999999995,0.031125899491323654,0.030599731506848887,0.029423118800638026,0.034034266523179375
2011-03-07,2008-2011,0.137,0.07732500967086113,0.06935789956322913,0.11234970917457401,0.10129144329208414
2011-03-14,2008-2011,0.04700000000000015,0.061057157017410754,0.05658529328631912,0.09614769624123488,0.08754240991743416
2011-03-21,2008-2011,-0.0050000000000003375,0.056228356301275685,0.05461178398592161,0.055939564025459604,0.06556267101636226
2011-03-28,2008-2011,0.03400000000000025,0.022782889705948765,0.010520313684877517,0.02488714595129408,0.02080427950600077
2011-04-04,2008-2011,0.08800000000000008,0.022710500563155257,0.02105651283756642,0.030164682797266605,0.029603668007814065
2011-04-11,2008-2011,0.10699999999999976,0.034145010772804595,0.037721677055360184,0.041373779744787016,0.04834208130046176
2011-04-18,2008-2011,0.052999999999999936,0.04854328215098249,0.04900992347251097,0.07095910434112915,0.06780105185536128
2011-04-25,2008-2011,0.03500000000000014,0.03652457832205941,0.03929542231422906,0.04535260895405396,0.05797853736174342
2011-05-02,2008-2011,0.08400000000000007,0.032278190362228114,0.028829811918143836,0.029096363003945833,0.041000015603800614
2011-05-09,2008-2011,0.0019999999999997797,0.038527030663434055,0.01733399415492398,0.0346946481600626,0.03995201717159593
2011-05-16,2008-2011,-0.004999999999999893,0.0045212253792308345,0.012530943495928643,-0.047088098752503305,-0.05336865540656725
2011-05-23,2008-2011,-0.11099999999999977,0.013527360087995786,0.017648484989997826,-0.006727609733343754,0.01595760664643391
2011-05-30,2008-2011,-0.05500000000000016,-0.04404086265842757,-0.04573553363643219,-0.07283850139025107,-0.09048155954944329
2011-06-06,2008-2011,-0.0129999999999999,-0.01969721372059721,0.026306719381584784,0.00885220935805122,0.010162856943944051
2011-06-13,2008-2011,-0.06800000000000006,-0.02727932382479959,-0.04225135335682109,-0.02800730384051434,-0.050357307011811916
2011-06-20,2008-2011,-0.06099999999999994,-0.034655115617139895,-0.030020314741632716,-0.024183748618564146,-0.015720819872480824
2011-06-27,2008-2011,-0.07800000000000029,-0.0253062504065971,-0.04287291749039961,-0.025078051574465635,-0.023676859991482564
2011-07-04,2008-2011,0.0050000000000003375,-0.044971550685429774,-0.04357771523175683,-0.09068823965887267,-0.09692520594318056
2011-07-11,2008-2011,0.06199999999999983,-0.01147132016058311,-0.02870536901065181,-0.03298310983957519,-0.015119623662083855
2011-07-18,2008-2011,0.040999999999999925,0.002590482068290403,0.015841017816412672,0.024233070367824374,0.02472494776735422
2011-07-25,2008-2011,0.016999999999999904,0.009200740735663699,0.03369064927352228,0.038912662007851,0.06120360224845689
2011-08-01,2008-2011,0.01200000000000001,0.0081173880164534,-0.0030505291774364893,0.00567340338500808,0.024967593191964135
2011-08-08,2008-2011,-0.03699999999999992,-0.00013190646645918746,-0.02275403396767356,-0.038803363193887504,-0.029277215135716673
2011-08-15,2008-2011,-0.06999999999999984,-0.022597970359016645,-0.021176283705368008,-0.08364045479819304,-0.09469209933941485
2011-08-22,2008-2011,-0.02300000000000013,-0.033917637695945045,-0.03351965507114834,-0.04677270971741525,-0.04588422242907802
2011-08-29,2008-2011,0.04599999999999982,-0.025488007053054963,-0.017375274183995187,-0.0331010080394526,-0.029181143135650994
2011-09-05,2008-2011,0.04700000000000015,-0.006384712825948416,0.015288685477662661,0.022191090749009892,0.04028136438794949
2011-09-12,2008-2011,-0.0129999999999999,0.0022562353390676733,-0.005597826879716359,0.013486124538494855,0.007541600629891236
2011-09-19,2008-2011,-0.06000000000000005,-0.008153831531798689,-0.01421028537306813,-0.010050266977365111,-0.019665090765497672
2011-09-26,2008-2011,-0.09200000000000008,-0.02603559144920938,-0.029678391103819392,-0.006168557543898455,0.002557528898055564
2011-10-03,2008-2011,-0.07600000000000007,-0.047964123032969735,-0.05803842347420159,-0.11072243828172171,-0.14498124454475422
2011-10-10,2008-2011,-0.016000000000000014,-0.04765970610194515,-0.044454541892930306,-0.06397502590754228,-0.05786261254490192
2011-10-17,2008-2011,0.05900000000000016,-0.02997864664879452,-0.03627639612726315,-0.03167449759957578,-0.018445922710420518
2011-10-24,2008-2011,-0.01399999999999979,0.0008313904054542865,0.014066234694043599,0.04283174245611301,0.05674509695186591
2011-10-31,2008-2011,-0.010000000000000231,-0.016254229695903913,-0.004611694337614665,0.0005488591034942562,0.008174897033574088
2011-11-07,2008-2011,-0.028000000000000025,0.00048554550226819447,0.0026477751106398577,0.017613212048908252,0.011756756992027908
2011-11-14,2008-2011,0.01200000000000001,-0.022480774794785854,-0.044262035092095614,-0.020228344668082706,-0.03904272093419118
2011-11-21,2008-2011,-0.06800000000000006,-0.0028385306200080927,0.00798744216896169,0.004296594938117226,-0.03816739244533322
2011-11-28,2008-2011,-0.06099999999999994,-0.03597533522233813,-0.023209487899726423,-0.028919800127332234,-0.027022217779916095
2011-12-05,2008-2011,-0.016999999999999904,-0.021498634385235138,-0.02847914234682505,-0.04412415539526516,-0.04447503800731751
2011-12-12,2008-2011,-0.0040000000000000036,-0.021529395765363658,-0.024951375355317107,-0.011500716416058113,-0.010601531017517582
2011-12-19,2008-2011,-0.05699999999999994,-0.012471947787518247,0.0075794516858671435,0.007950970739616748,0.008025250586800283
2011-12-26,2008-2011,0.028999999999999915,-0.022765664384231204,-0.0190015391597119,-0.03863608798988675,-0.01786288943997958
2012-01-02,2012-2015,0.040999999999999925,0.009913820587993255,0.009133980001037871,0.009835181298581972,0.018364561127838096
2012-01-09,2012-2015,0.08300000000000018,0.010952398756122191,0.011690571962220567,0.008376434170894858,0.008383394054585946
2012-01-16,2012-2015,0.008999999999999897,0.04580690327641708,0.04715378096635339,0.024190223751150767,0.02764982173742367
2012-01-23,2012-2015,-0.002000000000000224,0.013012502948969561,0.010878205659325704,0.005615423643991689,0.01179809317394516
2012-01-30,2012-2015,0.050000000000000266,0.012293686822478011,0.014076757649121252,0.0035364019526881677,0.008492740888249759
2012-02-06,2012-2015,0.04300000000000015,0.02332966205177501,0.021591556236498465,0.019845440323959327,0.029279971936359186
2012-02-13,2012-2015,0.040999999999999925,0.024552495787975255,0.025246522432833183,0.00784526310070638,0.008508199242002652
2012-02-20,2012-2015,0.06800000000000006,0.03205430759959706,0.03415881459695646,0.03328753862951808,0.03982175935561369
2012-02-27,2012-2015,0.1299999999999999,0.040961917433794535,0.04066918434149849,0.0364231532842018,0.037926363152081886
2012-03-05,2012-2015,0.07200000000000006,0.06950855053713359,0.06736548458697798,0.05463722185734029,0.05534479199496368
2012-03-12,2012-2015,0.03600000000000003,0.04972891646307899,0.04380438057017973,0.033033485632905465,0.025971839901736227
2012-03-19,2012-2015,0.03799999999999981,0.039510624185034926,0.04134287419546269,0.0319215862813087,0.030624052843649305
2012-03-26,2012-2015,0.051000000000000156,0.02790372158855771,0.02886645681357314,0.0164451721548887,0.018998638805602167
2012-04-02,2012-2015,0.022999999999999687,0.03103731945978312,0.02858179172044541,0.01629752771274384,0.02224189014906486
2012-04-09,2012-2015,-0.0019999999999997797,0.02063669604471292,0.018736929315608924,0.010610333356493975,0.018588505751707913
2012-04-16,2012-2015,-0.016999999999999904,0.00998267740166725,0.014128925436555757,0.008010776635411984,0.013477691238389263
2012-04-23,2012-2015,-0.052000000000000046,-0.002604307739373337,-0.0030775768407510385,-0.0028788730056162402,0.0034564031927142554
2012-04-30,2012-2015,-0.040000000000000036,-0.021408744848737588,-0.022381316186662385,-0.012034255482614168,-0.025951125334248606
2012-05-07,2012-2015,-0.040000000000000036,-0.018797719349091538,-0.019312437192425046,-0.006183827037273878,-0.011963290148564648
2012-05-14,2012-2015,-0.03600000000000003,-0.023466914384452548,-0.020852183713364395,-0.03486937778249939,-0.04728634126778339
2012-05-21,2012-2015,-0.039000000000000146,-0.01917464862208383,-0.01619188050270623,-0.020637960589574855,-0.025389431706676638
2012-05-28,2012-2015,-0.04499999999999993,-0.021887725210000878,-0.023546799429022016,-0.03283416785581953,-0.038868112607684115
2012-06-04,2012-2015,-0.05699999999999994,-0.025075802181041204,-0.020979211154371288,-0.019474257757537417,-0.020372786550482583
2012-06-11,2012-2015,-0.040999999999999925,-0.03223618961163371,-0.03656633538521653,-0.044857990967399286,-0.04836905450752386
2012-06-18,2012-2015,-0.039000000000000146,-0.02731874044474801,-0.025878362955081242,-0.0327861659738042,-0.03352234617119812
2012-06-25,2012-2015,-0.09600000000000009,-0.02848060495909637,-0.030137726863985713,-0.01959404266694522,-0.023626298100576957
2012-07-02,2012-2015,-0.08099999999999996,-0.05185489843676561,-0.047393268187830635,-0.050281295323211676,-0.057341833774264
2012-07-09,2012-2015,0.05500000000000016,-0.04842931793739657,-0.04742776380147458,-0.015463584087126586,-0.01014424842858
2012-07-16,2012-2015,0.016000000000000014,0.0029221108588785736,0.0036885231512976745,-0.005845378530744592,-0.005210104897618171
2012-07-23,2012-2015,0.06700000000000017,-0.006463030001098884,-0.0012024153419618552,0.011112908450456637,0.017178293699427572
2012-07-30,2012-2015,0.01399999999999979,0.03241057198982598,0.03123345088161223,0.028367716715566694,0.0312084908077398
2012-08-06,2012-2015,0.137,-0.002665898464465721,-0.008924593945845567,-0.0019078080526517805,-0.001548456982152961
2012-08-13,2012-2015,0.07600000000000007,0.0580727917449567,0.058377313950234364,0.0309833820104197,0.03708424891365504
2012-08-20,2012-2015,0.02300000000000013,0.023718145625131148,0.021010962789124767,0.02770169032671797,0.026460286526881257
2012-08-27,2012-2015,0.031999999999999584,0.017465154364180016,0.018365637543551888,0.02625393683139111,0.027695335362218063
2012-09-03,2012-2015,0.06700000000000017,0.004498920527583846,0.002935520042661909,0.021199512343553134,0.027851270482065416
2012-09-10,2012-2015,0.0040000000000000036,0.014954424885483743,0.012772825017438146,0.004749885814324351,0.01449982272060402
2012-09-17,2012-2015,0.03100000000000014,-0.008482152421029756,-0.00887293235914573,0.007705851126087003,0.026331901708771383
2012-09-24,2012-2015,-0.052000000000000046,0.00586593681765307,0.0061511067410090735,0.011509045199856672,0.0068553312251317024
2012-10-01,2012-2015,-0.02200000000000024,-0.040677690374674516,-0.03829381651322039,-0.027322489347409506,-0.01918144567689307
2012-10-08,2012-2015,0.04600000000000026,-0.022858616658555812,-0.02218715064731199,-0.015182466594662387,0.004064292690707005
2012-10-15,2012-2015,-0.03100000000000014,-0.004591907684997466,-0.007273968414505558,-0.00590177384180011,-0.026697559959809998
2012-10-22,2012-2015,-0.13200000000000012,-0.027842200531550933,-0.025989104459499587,-0.0038274002890507377,-0.00801922911264545
2012-10-29,2012-2015,-0.11899999999999977,-0.06580487572954362,-0.06779836080109866,-0.027364248998013586,-0.038740779111352
2012-11-05,2012-2015,-0.07600000000000007,-0.0762635151695694,-0.08009689902080579,-0.048314434234413985,-0.067905867235299
2012-11-12,2012-2015,-0.04300000000000015,-0.06631495620151642,-0.07056908656644323,-0.034904276572356355,-0.05369440605728081
2012-11-19,2012-2015,-0.020000000000000018,-0.042379206217826496,-0.04153585816030584,-0.027845537188060817,-0.014596820425247486
2012-11-26,2012-2015,0.008000000000000007,-0.024295203323413398,-0.025134042575364682,-0.014711879138290106,-0.011667148352494928
2012-12-03,2012-2015,-0.042999999999999705,-0.007202260200858116,-0.0057892902408218155,-4.153922337887415e-05,-0.003716985003584325
2012-12-10,2012-2015,-0.04499999999999993,-0.02585335710089555,-0.02858972534420578,-0.0015178135093292752,0.003652406101837683
2012-12-17,2012-2015,-0.0950000000000002,-0.023994374648320802,-0.021573960619994004,-0.022490449693023908,-0.03587393249170535
2012-12-24,2012-2015,0.0030000000000001137,-0.053280907161049114,-0.05898634586544876,-0.016437059612570856,-0.019672009508847964
2012-12-31,2012-2015,0.040999999999999925,-0.0078096946583854744,-0.007506152423574033,-0.004085395847575694,-0.0006110141725049509
2013-01-07,2012-2015,0.0009999999999998899,0.006217172443867543,0.008000649814610409,0.0034111316679126926,0.008910299463700835
2013-01-14,2012-2015,0.0040000000000000036,0.007310201237370001,0.004231691863974376,0.017712212463184787,0.024539888915643016
2013-01-21,2012-2015,0.01200000000000001,0.009381369716123716,0.011516213276035327,0.004587926340218938,0.003618854197084144
2013-01-28,2012-2015,0.04200000000000026,0.006604040027120446,0.007691630258370602,0.01407405802732585,0.01568599063702149
2013-02-04,2012-2015,0.1809999999999996,0.02343334914451389,0.02251603706666951,0.011921102518008873,0.010990938392508653
2013-02-11,2012-2015,0.0730000000000004,0.08756817130760862,0.0934958921765445,0.03894209054772052,0.04455596642654923
2013-02-18,2012-2015,0.13599999999999968,0.04841111252623796,0.04822894816907349,0.03501966273635567,0.036886039280802606
2013-02-25,2012-2015,0.03699999999999992,0.0916617362865556,0.09178571540280298,0.03619968139448763,0.0442502046563871
2013-03-04,2012-2015,-0.02499999999999991,0.027944039234730066,0.0287808947830769,0.016358624625117304,0.02163063738221966
2013-03-11,2012-2015,-0.04899999999999993,0.011757660692314324,0.006829397008361886,-0.0009222873025517024,0.0064355492737478304
2013-03-18,2012-2015,-0.01399999999999979,-0.017647260852037015,-0.014886112305481945,-0.005477369579076297,-0.01955975974788605
2013-03-25,2012-2015,-0.016000000000000014,-0.006871848136517515,-0.0041842189917788925,0.0006081439365424309,-0.004325494963800865
2013-04-01,2012-2015,-0.03500000000000014,-0.007102280475788155,-0.005070277754492016,-0.007590685685581185,-0.010130568466699592
2013-04-08,2012-2015,-0.03699999999999992,-0.009508368541310343,-0.0077398258013979685,0.0054362401304966414,0.0029180264038384638
2013-04-15,2012-2015,-0.06600000000000028,-0.013127507818723072,-0.013115560284981849,-0.01750897297446212,-0.029730445135111777
2013-04-22,2012-2015,-0.005999999999999783,-0.028953202786753063,-0.026469108269485883,-0.025657723767539796,-0.029080661462423864
2013-04-29,2012-2015,-0.016000000000000014,-0.0031390105188333767,-0.002924982654303389,-0.02078807682092864,-0.02074795503183515
2013-05-06,2012-2015,0.017999999999999794,-0.010401190589905743,-0.009140086125034277,0.0032473805498899008,-0.001586348057867885
2013-05-13,2012-2015,0.06500000000000039,0.01345619767785669,0.016658056609564393,0.015547564424979723,0.01500894090732911
2013-05-20,2012-2015,0.06999999999999984,0.029985385776675977,0.0301743509297441,0.00619345715101729,0.008385595575945357
2013-05-27,2012-2015,-0.028000000000000025,0.03771167513656182,0.037311879901519074,0.01997064439765189,0.018076323308465217
2013-06-03,2012-2015,0.0009999999999998899,-0.0017133029576566414,-0.002871413851934195,-0.0019960359283093,-0.008767141679369825
2013-06-10,2012-2015,0.008999999999999897,0.0052935092594162785,0.01143300054761465,-0.0025965233842112066,-0.005520748577674681
2013-06-17,2012-2015,-0.028999999999999915,-0.005817272925912429,-0.009101490718463216,0.009942165603634782,0.01353562671893803
2013-06-24,2012-2015,-0.04899999999999993,-0.014892187994171802,-0.013659693279822815,0.004216917254774251,0.0067388367935124725
2013-07-01,2012-2015,-0.08099999999999996,-0.026359293322350427,-0.02730275246633694,-0.018564742102726305,-0.020923828323866866
2013-07-08,2012-2015,-0.0040000000000000036,-0.048057523590952174,-0.05072902004032669,-0.010603693080558863,-0.012938616700620678
2013-07-15,2012-2015,0.1469999999999998,-0.017101754516938215,-0.017257733971870217,0.010380309531550036,0.012517067612883737
2013-07-22,2012-2015,0.04300000000000015,0.0472226717561203,0.051450302597591514,0.021125114037022583,0.02966457747717332
2013-07-29,2012-2015,-0.03600000000000003,0.017005487828793645,0.015105566148998668,0.02232724233372031,0.025423029966837145
2013-08-05,2012-2015,-0.01399999999999979,-0.004458541910458703,-0.0052257159455701835,-0.0046929928764501486,0.0027907994284570607
2013-08-12,2012-2015,-0.07100000000000017,-0.02018375621598977,-0.01873966494842463,0.004983359992515235,0.004787792454890515
2013-08-19,2012-2015,-0.01100000000000012,-0.051879367491040135,-0.051668495257796015,-0.014918262956221243,-0.018825377487435613
2013-08-26,2012-2015,0.002000000000000224,-0.020792621505888946,-0.02105483816738326,-0.003410044039783376,-0.0019401362603109688
2013-09-02,2012-2015,0.05600000000000005,-0.022870281285737277,-0.024615054810490793,-0.0061194571138148916,-0.002405999221815123
2013-09-09,2012-2015,-0.020999999999999908,0.012233891315134634,0.013277291810187844,0.009443534672117492,0.006320979466808364
2013-09-16,2012-2015,-0.040000000000000036,-0.02150735696417822,-0.02561004299915311,0.009215017326415612,0.003662027458097634
2013-09-23,2012-2015,-0.052000000000000046,-0.025320891864968893,-0.02654167907512596,-0.01886296126542167,-0.0246577361035517
2013-09-30,2012-2015,-0.07000000000000028,-0.04465928243956185,-0.04903793558490771,-0.027671560602851798,-0.038227708478884674
2013-10-07,2012-2015,-0.05799999999999983,-0.051709909690498906,-0.05238878890695495,-0.03281807452831462,-0.03857180409009981
2013-10-14,2012-2015,-0.0129999999999999,-0.04720401280897432,-0.04502050287302926,-0.01932599014408589,-0.02259752485658038
2013-10-21,2012-2015,0.005999999999999783,-0.028243640586006705,-0.02779340224975409,-0.01787301569206791,-0.012419005006150187
2013-10-28,2012-2015,-0.06599999999999984,-0.015147404321827596,-0.01645205244717423,-0.01230242904584825,-0.010054015978924557
2013-11-04,2012-2015,-0.028999999999999915,-0.039697664400814174,-0.04043508753048237,-0.029900512495630922,-0.03043708724244703
2013-11-11,2012-2015,-0.07100000000000017,-0.023942566968842487,-0.02693759742245418,-0.020096501718275556,-0.021996643461768283
2013-11-18,2012-2015,0.02499999999999991,-0.05140849577179346,-0.052274595258070634,-0.027511190523206212,-0.027753205626071246
2013-11-25,2012-2015,0.07400000000000029,-0.00030176435496807397,0.0020811876075312336,-0.005980403078123591,-0.00010060001487102602
2013-12-02,2012-2015,-0.02100000000000035,0.017737991485691586,0.015321193895630116,0.009328680446063872,0.014359883299822447
2013-12-09,2012-2015,-0.0029999999999996696,-0.005939815708193442,-0.005048415506973218,0.0005292391786755161,-0.0004742550579282796
2013-12-16,2012-2015,-0.03000000000000025,0.002787775014674786,-0.002229533646751363,0.009177249014314937,0.010312838873081789
2013-12-23,2012-2015,0.03200000000000003,-0.02318746097511931,-0.027039569554308616,-0.011279406651207215,-0.01870235489317355
2013-12-30,2012-2015,0.06000000000000005,0.011802452115663341,0.011087388694835752,0.014323968147625437,0.020021796377835032
2014-01-06,2012-2015,0.0009999999999998899,0.022665327360677227,0.026355189026896764,0.010420589082768885,0.013095705244834487
2014-01-13,2012-2015,-0.004999999999999893,0.008712990758954075,0.011973395365965197,-0.011417013834565917,-0.011931666368024953
2014-01-20,2012-2015,-0.03100000000000014,0.006458305081945317,0.0038951665683814697,-0.002164530868768127,0.003790119582459241
2014-01-27,2012-2015,-0.0009999999999998899,-0.01383212156468355,-0.01316190362061739,0.002796085914617121,-0.0025006173517726628
2014-02-03,2012-2015,-0.0030000000000001137,0.0016903880072603801,0.004129724796661025,0.008134758226072356,0.0059009324746928955
2014-02-10,2012-2015,0.017000000000000348,-0.0006856283497730159,-0.0019893714564694926,0.001340828961254376,-0.0009117905045197042
2014-02-17,2012-2015,0.07099999999999973,0.014490466704107214,0.013049199596113246,0.011528937018661908,0.014660101744986678
2014-02-24,2012-2015,0.06400000000000006,0.03795113169335545,0.040026942614242604,0.01709493136505515,0.02142361178134682
2014-03-03,2012-2015,0.03500000000000014,0.039885737200359234,0.042410685273551914,0.02037607222363825,0.021677964582071805
2014-03-10,2012-2015,0.03299999999999992,0.033852381197803566,0.03392274829061843,0.02049866743988767,0.026390696569842716
2014-03-17,2012-2015,0.03500000000000014,0.02863572222214731,0.03211845800936096,0.01835050857695299,0.016908789884615773
2014-03-24,2012-2015,0.0019999999999997797,0.025632164264693245,0.027804036948767756,0.0075915924726771295,0.0035247833144178152
2014-03-31,2012-2015,0.03000000000000025,0.0120544174125942,0.01260935008366653,0.0042624145517168805,-0.002815548851974267
2014-04-07,2012-2015,0.016999999999999904,0.023556957899343763,0.02417893001162469,0.011399887419346569,0.004221945546565911
2014-04-14,2012-2015,0.054999999999999716,0.013454741634743611,0.012137504488456494,0.008937550276016578,0.009096521736783816
2014-04-21,2012-2015,0.03200000000000003,0.03484853998131225,0.037544382362392124,0.016415820866967353,0.022517614698550438
2014-04-28,2012-2015,0.03000000000000025,0.02190305967187047,0.024393928518032505,0.020174409496121124,0.023605719726634687
2014-05-05,2012-2015,-0.028999999999999915,0.025461277384557193,0.02606285526732559,0.008634665928774305,0.013572119572310066
2014-05-12,2012-2015,-0.016000000000000014,-0.006740392551619636,-0.00606953291679197,0.0019402672275442333,0.0012671503304943952
2014-05-19,2012-2015,-0.0030000000000001137,-0.002978340876318918,-0.005382835020103455,-0.002458827486121171,-0.010359554074350536
2014-05-26,2012-2015,0.008999999999999897,-0.006198364760560861,-0.00878585505975188,0.009094364282336082,0.008239710223383026
2014-06-02,2012-2015,0.016000000000000014,0.0030272568500671177,0.0022120498419537595,0.006375886188159688,0.007811683559574012
2014-06-09,2012-2015,-0.016000000000000014,0.0065048107531342075,0.00829654019543698,0.0014546556422793341,-0.00014990583288319566
2014-06-16,2012-2015,0.01200000000000001,-0.007621140136568168,-0.009954920353882374,0.00023600505298628296,-0.0013698941210650638
2014-06-23,2012-2015,0.018000000000000238,0.002910720985072133,0.006494500865184286,0.01552778400552377,0.01686149092022518
2014-06-30,2012-2015,0.0,0.0001876485634676986,0.0002446819283616099,0.008294629003942053,0.011274551291344073
2014-07-07,2012-2015,-0.026000000000000245,-0.003412192574558143,-0.003672315344931016,-0.004499821242869337,-0.003770618624378831
2014-07-14,2012-2015,-0.04300000000000015,-0.01720647450493337,-0.019366660679710556,-0.013810108535018052,-0.012810156008071085
2014-07-21,2012-2015,-0.041999999999999815,-0.029540388452480963,-0.031465996148301735,-0.023307694085883082,-0.027726451724303734
2014-07-28,2012-2015,-0.053999999999999826,-0.03351512400378075,-0.0327360424641391,-0.014563872634896682,-0.017470663776630053
2014-08-04,2012-2015,-0.02400000000000002,-0.040897193996202535,-0.038486830783692076,-0.014220117998019362,-0.014173549616863911
2014-08-11,2012-2015,-0.010000000000000231,-0.02785003577041249,-0.02684619818910349,-0.03112013885395981,-0.03581448278386785
2014-08-18,2012-2015,-0.03299999999999992,-0.023232422864366827,-0.022487526982507236,-0.017625895226726553,-0.018002113704164553
2014-08-25,2012-2015,-0.017999999999999794,-0.02876562701772397,-0.029828104197565916,-0.022675200531535333,-0.02233947848615436
2014-09-01,2012-2015,0.004999999999999893,-0.0227699845253752,-0.02439889191082431,-0.027454642208915987,-0.02074294423138473
2014-09-08,2012-2015,-0.002000000000000224,-0.01648634334143244,-0.016785179386329695,-0.00346446195918945,-0.0008801606778177326
2014-09-15,2012-2015,-0.04899999999999993,-0.015937056279894845,-0.013665918819790228,-0.019471912787094547,-0.015804538716263482
2014-09-22,2012-2015,-0.054999999999999716,-0.034482018732497566,-0.03689003400901495,-0.024637689135151266,-0.027089667216782114
2014-09-29,2012-2015,0.0009999999999998899,-0.04055383529581005,-0.03897907043896648,-0.020746074272898894,-0.016032634784576415
2014-10-06,2012-2015,-0.05500000000000016,-0.022064335792839656,-0.02366335973275383,-0.015469529327534974,-0.011830644829974967
2014-10-13,2012-2015,-0.09200000000000008,-0.04331820307767901,-0.0416328553050504,-0.03425965078027117,-0.03742919290051018
2014-10-20,2012-2015,-0.08699999999999974,-0.05246703635387016,-0.054176679662517616,-0.039398483843045375,-0.046679367429130446
2014-10-27,2012-2015,-0.06400000000000006,-0.06115409546260094,-0.057534398784603244,-0.04356898788059758,-0.05139341477908021
2014-11-03,2012-2015,-0.06300000000000017,-0.05240731175528699,-0.05287769512207488,-0.03520272398175772,-0.04834222827783883
2014-11-10,2012-2015,-0.052000000000000046,-0.04762395501316672,-0.049782971911120896,-0.03267270502283237,-0.036755620607775645
2014-11-17,2012-2015,-0.04699999999999971,-0.03842692209926658,-0.037812887087257434,-0.029405531703716986,-0.028700320263622292
2014-11-24,2012-2015,-0.07299999999999995,-0.03550938164782378,-0.039074385983909804,-0.03630777027302276,-0.04004187016792994
2014-12-01,2012-2015,-0.04300000000000015,-0.04394037750534802,-0.04371727398331137,-0.025601040910501253,-0.02753795938645899
2014-12-08,2012-2015,-0.0990000000000002,-0.02981058685202475,-0.030854595519797287,-0.04893285829109259,-0.05807500733728985
2014-12-15,2012-2015,-0.125,-0.05607595027642392,-0.05283306306210333,-0.042931552744578064,-0.048508862872417145
2014-12-22,2012-2015,-0.1509999999999998,-0.062123010146670314,-0.06590660530209816,-0.061488358319105964,-0.07085427076337585
2014-12-29,2012-2015,-0.10400000000000009,-0.08205617772708076,-0.08329804788882693,-0.05738663558375899,-0.06006760663254109
2015-01-05,2012-2015,-0.08499999999999996,-0.061248154021601324,-0.05826456620243337,-0.04152178739835668,-0.052332613968858695
2015-01-12,2012-2015,-0.07500000000000018,-0.05211212233335077,-0.0528259665389801,-0.0476490885659506,-0.05021633999128043
2015-01-19,2012-2015,-0.07299999999999995,-0.0375050551977363,-0.036855929896961376,-0.051394907629673234,-0.05506194893694853
2015-01-26,2012-2015,-0.021999999999999797,-0.03428886951028023,-0.03794024962044334,-0.0297934615398375,-0.02500701132020852
2015-02-02,2012-2015,0.02400000000000002,-0.009761730080856613,-0.0077672580531939145,-0.025235334551003165,-0.024130774230273593
2015-02-09,2012-2015,0.12299999999999978,0.013113647878347956,0.019407907483881194,-0.0024155817399332358,0.0031084051744004857
2015-02-16,2012-2015,0.08300000000000018,0.06633133246655917,0.06781620410610271,0.03816966079193263,0.04183411203379882
2015-02-23,2012-2015,0.05799999999999983,0.05632916751951738,0.05505776234998262,0.041850089549085895,0.045575617844473226
2015-03-02,2012-2015,0.14100000000000001,0.05630564414981371,0.058837022825130786,0.02913664128723983,0.03347732386812206
2015-03-09,2012-2015,0.014000000000000234,0.08196030299946688,0.0770395497654359,0.03232715893752819,0.03747476987498192
2015-03-16,2012-2015,-0.03400000000000025,0.026609380611996466,0.02159795079912106,0.01906499458748413,0.01698298275934809
2015-03-23,2012-2015,0.0040000000000000036,0.01449345030916254,0.01252810588637801,-0.002537306842299731,-0.005375982961582353
2015-03-30,2012-2015,-0.008999999999999897,0.007726931821266283,0.007733073786829988,0.0004975189081342364,0.0036049011294949952
2015-04-06,2012-2015,-0.03500000000000014,0.0021612091079316045,0.005250925938142581,0.016006972151016548,0.011315891207515244
2015-04-13,2012-2015,-0.004999999999999893,-0.0022740058460846545,-0.0008583053059913349,0.000327165808547583,-0.00012453210486295784
2015-04-20,2012-2015,0.07699999999999996,0.006178424202908801,0.008456300801188234,0.014062672601148228,0.020575547578262902
2015-04-27,2012-2015,0.08499999999999996,0.039674937613693936,0.03929874041552244,0.026874573643231196,0.028925072273735183
2015-05-04,2012-2015,0.0940000000000003,0.050358261457449746,0.05197497365596194,0.0315548363028744,0.034445553454775506
2015-05-11,2012-2015,0.02699999999999969,0.0637413623092316,0.06577422189124767,0.034248823449756306,0.03534576875170146
2015-05-18,2012-2015,0.05300000000000038,0.030372340611018466,0.02858957185833298,0.024815009984852275,0.023724082358013758
2015-05-25,2012-2015,0.029999999999999805,0.03940564862764594,0.03941979675662241,0.02515888477444094,0.028477859895825356
2015-06-01,2012-2015,0.005999999999999783,0.018677225954243593,0.020492048581098096,0.014878002504749027,0.014323459181718533
2015-06-08,2012-2015,0.0,0.012878323540327124,0.014083405262092369,0.00913694003990619,0.011941993166940359
2015-06-15,2012-2015,0.05500000000000016,0.003630789483652485,0.003276606802162535,0.0021650772444315306,0.003798387658651168
2015-06-22,2012-2015,-0.02300000000000013,0.024060468536781555,0.024416603224170726,0.010994709280614252,0.014059111000188973
2015-06-29,2012-2015,-0.010999999999999677,-0.009861400383235183,-0.007413566211133759,-0.004672687995407359,-0.00532136328048226
2015-07-06,2012-2015,-0.008000000000000007,-0.00012552700145526978,0.0032872233692814836,-0.0006041048843438376,-0.00196494370509025
2015-07-13,2012-2015,0.040999999999999925,-0.013431404019238327,-0.016499150379904914,-0.011214284799298943,-0.006858416897313707
2015-07-20,2012-2015,-0.03200000000000003,0.012498770573706963,0.017760133294223573,-0.016217487414136915,-0.016060024329624747
2015-07-27,2012-2015,-0.05699999999999994,-0.019618235310275536,-0.021719250616773548,-0.014638583000434136,-0.02116102532601152
2015-08-03,2012-2015,-0.05600000000000005,-0.027094814686892444,-0.027891568574021083,-0.021717628192251905,-0.026546985811491224
2015-08-10,2012-2015,-0.06000000000000005,-0.04101355768475401,-0.043056438470017735,-0.02156163462147643,-0.02270708823130825
2015-08-17,2012-2015,0.08700000000000019,-0.04354870574282308,-0.044459038094623725,-0.04360390930571928,-0.05026919162267682
2015-08-24,2012-2015,-0.07900000000000018,0.0220339081765508,0.02339526724333677,-0.010119480228512239,-0.009856271796491525
2015-08-31,2012-2015,-0.12700000000000022,-0.048101499411727755,-0.05023326074781227,-0.028302019693639262,-0.033341944870005205
2015-09-07,2012-2015,-0.07299999999999995,-0.053558206843296145,-0.04918803388258949,-0.01889804579006661,-0.027438398863336582
2015-09-14,2012-2015,-0.06199999999999983,-0.06184272200449036,-0.06366849677250107,-0.017303557158944403,-0.02066054643333181
2015-09-21,2012-2015,-0.04800000000000004,-0.05417907315017288,-0.05253311213724258,-0.03265632647048734,-0.036184848788302165
2015-09-28,2012-2015,-0.004999999999999893,-0.03739069067285088,-0.04075051597900187,-0.01981184956153979,-0.024976208867611854
2015-10-05,2012-2015,-0.0040000000000000036,-0.01858362885898201,-0.019550208357417838,-0.016786741113791644,-0.019239103382998217
2015-10-12,2012-2015,0.019000000000000128,-0.014949861626912014,-0.014485279607077302,-0.008246787570751712,-0.007243018423886744
2015-10-19,2012-2015,-0.06000000000000005,0.0011988461661101959,0.0006298999138283313,0.014116874856775378,0.013626267097923249
2015-10-26,2012-2015,-0.04899999999999993,-0.03432191054774102,-0.03471759760820382,-0.016584846762389104,-0.020945584512619114
2015-11-02,2012-2015,-0.0040000000000000036,-0.027814656401656847,-0.02690089396565337,-0.018458544875624983,-0.021982087871963228
2015-11-09,2012-2015,0.010999999999999677,-0.018968697511803335,-0.02321372067160492,-0.007236071770249059,-0.004886512525311531
2015-11-16,2012-2015,-0.05699999999999994,-0.004610282314309727,-0.002927234687936509,-0.009450531595073633,-0.005936753561456436
2015-11-23,2012-2015,-0.08400000000000007,-0.02719463221729084,-0.027585732104979513,-0.025784779722156384,-0.02622393689226623
2015-11-30,2012-2015,-0.0349999999999997,-0.03991236444786111,-0.04072547066282269,-0.022440063047857776,-0.019218067870741835
2015-12-07,2012-2015,-0.006000000000000227,-0.028060447048521463,-0.027657665513313327,-0.010646798583165659,-0.008839127837739338
2015-12-14,2012-2015,-0.016000000000000014,-0.012924409671524091,-0.011267642635281384,-0.013428518889022117,-0.01475350551409882
2015-12-21,2012-2015,-0.01100000000000012,-0.006766864317805074,-0.009521098002037032,-0.026204568879831004,-0.021575335409160134
2015-12-28,2012-2015,0.008000000000000007,-0.0016516519739014262,-0.0017531293765943347,-0.010710805175900779,-0.011410739806844908
2016-01-04,2016-2019,-0.005999999999999783,0.006499225925482125,0.007903194416205954,0.007633107928608942,0.00047557870145841527
2016-01-11,2016-2019,-0.03200000000000003,0.0022677572173487814,0.0021983752912406013,-0.0016351057728399188,-0.002871408086969183
2016-01-18,2016-2019,-0.08200000000000007,-0.006889234671047468,-0.007897790112511436,-0.028939239015034982,-0.03376585140925427
2016-01-25,2016-2019,-0.05799999999999983,-0.03187455681387867,-0.028997548675193528,-0.03915230997575199,-0.035855283552370186
2016-02-01,2016-2019,-0.03400000000000003,-0.02208994426309107,-0.022025312868630846,-0.012106479788573422,-0.008985718475301233
2016-02-08,2016-2019,-0.06300000000000017,-0.014072119126900366,-0.012972678241945,0.00024053136001776543,0.004165210931497107
2016-02-15,2016-2019,-0.03499999999999992,-0.022105740578609655,-0.02362409276725258,-0.016469536922016966,-0.02037519685821514
2016-02-22,2016-2019,0.006000000000000005,-0.005960684181619861,-0.004801174393993244,-0.006224922121302083,0.001763258064157255
2016-02-29,2016-2019,0.052999999999999936,0.010579809884263039,0.00946542422085141,0.009230375940352451,0.020144356024539057
2016-03-07,2016-2019,0.05800000000000005,0.03815753707807354,0.03571358723170423,0.04393264894714567,0.0053514549648128245
2016-03-14,2016-2019,0.1200000000000001,0.045127750423374975,0.04391306288917729,0.05143301028578727,0.05887953438154257
2016-03-21,2016-2019,0.04600000000000004,0.07886835491931463,0.07966421518672474,0.0691650835456152,0.07888833639681511
2016-03-28,2016-2019,0.05899999999999972,0.04293080644915521,0.0405714880772676,0.04271142441771646,0.027924187686425
2016-04-04,2016-2019,0.017000000000000348,0.05503192787681446,0.05815026728177082,0.037436369179947464,0.04822291177704805
2016-04-11,2016-2019,-0.014000000000000234,0.023993799483822888,0.025219619438832087,0.007660404312218617,0.011018480327220054
2016-04-18,2016-2019,0.06800000000000006,0.012101675164651158,0.013315665013835739,0.03809197839555327,0.04424042445255131
2016-04-25,2016-2019,0.02499999999999991,0.044949512459580926,0.044720059065694866,0.03522604185998302,0.03141704224846849
2016-05-02,2016-2019,0.07800000000000029,0.02208981829240544,0.020932622248004646,0.03957089933408226,0.04862658640612697
2016-05-09,2016-2019,-0.020000000000000018,0.056434354914620434,0.05677431898012404,0.05429070781760416,0.048854698188781596
2016-05-16,2016-2019,0.021999999999999797,0.0013673503688262515,0.0013236081605556404,0.006234159347941257,0.005353128077236086
2016-05-23,2016-2019,0.05799999999999983,0.026793769066912606,0.026454569909039587,0.030089006963438032,0.027995082344348183
2016-05-30,2016-2019,0.039000000000000146,0.029987710809137313,0.03240477245166687,0.032487314501404733,0.03375654243356058
2016-06-06,2016-2019,0.041999999999999815,0.027868508298473166,0.027287507578270573,0.028807828457624893,0.0266650859969763
2016-06-13,2016-2019,0.018000000000000238,0.03044614445049481,0.029518103258747173,0.027590726613220026,0.027428028874329886
2016-06-20,2016-2019,-0.04599999999999982,0.014125579860135757,0.014159961572182706,0.012015506447072798,0.005719043439794013
2016-06-27,2016-2019,-0.02400000000000002,-0.017147410178319177,-0.01595885937498029,-0.010804862895473196,-0.010824582983410956
2016-07-04,2016-2019,-0.038000000000000256,-0.011483532752159707,-0.011662381444137414,-0.013683274006190741,-0.016636512578759834
2016-07-11,2016-2019,-0.03799999999999981,-0.025860708536415714,-0.026828143967422037,-0.010359960137984518,-0.009021979035748173
2016-07-18,2016-2019,-0.02300000000000013,-0.022546576903093495,-0.020332036702818614,-0.031750227697463516,-0.03381047824169186
2016-07-25,2016-2019,-0.04800000000000004,-0.018818157804030143,-0.020646799869115086,-0.013079189484878932,-0.012504683381224655
2016-08-01,2016-2019,-0.02300000000000013,-0.03117291793805911,-0.029592787556851873,-0.031993083804860364,-0.0305563221679867
2016-08-08,2016-2019,-0.008999999999999897,-0.018655997926563198,-0.01956080101068126,-0.03667005889461003,-0.036584138172367976
2016-08-15,2016-2019,-0.0009999999999998899,-0.015954061294107227,-0.017269566748091048,-0.012978555484004142,-0.009760799722732555
2016-08-22,2016-2019,0.04400000000000004,-0.009050213797906992,-0.009822409042747112,0.0014355500844973094,0.0021670741744828667
2016-08-29,2016-2019,0.04400000000000004,0.012631246685834185,0.01467678989544333,0.028853455825121173,0.03648978689530317
2016-09-05,2016-2019,-0.014000000000000234,0.012900698219916884,0.011361598073057266,0.006654026306299227,-0.003607694155986222
2016-09-12,2016-2019,-0.020999999999999908,-0.010313002672439727,-0.010348620485148678,-0.02393948780904829,-0.016426929748283654
2016-09-19,2016-2019,0.02300000000000013,-0.015927466775917276,-0.016051511267847433,-0.003347128483728127,-0.008181563937633887
2016-09-26,2016-2019,-0.0009999999999998899,-0.001798510592138403,-0.0028510398958686988,-0.020270093489227096,-0.012345821838599395
2016-10-03,2016-2019,0.020999999999999908,-0.01168726516677638,-0.011225841392965574,-0.006229676050766481,-0.021292656841953098
2016-10-10,2016-2019,0.02699999999999969,0.004155489533945048,0.0031857697886547047,0.013623578716066474,0.022487887741327588
2016-10-17,2016-2019,-0.01499999999999968,0.003391881798214725,0.003826298952983956,0.012827291046941865,0.015234791450509044
2016-10-24,2016-2019,-0.014000000000000234,-0.01274815428792614,-0.012880569652932918,-0.007720546356993696,0.0021578197888908602
2016-10-31,2016-2019,-0.0129999999999999,-0.011967124486135648,-0.009535549838369389,-0.0070233155214666524,-0.008785603199308215
2016-11-07,2016-2019,0.0030000000000001137,-0.015656717485423733,-0.015638846136504694,-0.019031026754593564,-0.021723547390533754
2016-11-14,2016-2019,-0.04899999999999993,-0.005519105748940728,-0.0026783562840197147,-0.03577452206501739,-0.03479786197090391
2016-11-21,2016-2019,-0.02900000000000036,-0.028941338709869285,-0.0304209902660027,-0.025553218079077324,-0.03764524159754188
2016-11-28,2016-2019,-0.0009999999999998899,-0.016772348828385263,-0.016131106391350694,-0.008617611002355521,-0.016249409102520457
2016-12-05,2016-2019,0.05400000000000027,-0.008398401652121117,-0.008286755724723004,0.005116498282475454,0.02130259935673714
2016-12-12,2016-2019,0.028000000000000025,0.02345757426298392,0.024633644751186186,0.03966204331366118,0.04005272961063535
2016-12-19,2016-2019,0.02799999999999958,0.01546453802260897,0.015060778411168305,0.021107407339499926,0.01711525435044202
2016-12-26,2016-2019,0.04500000000000037,0.021952373329199054,0.020974023372430133,0.026132377919407705,0.033608872169903145
2017-01-02,2016-2019,0.06799999999999962,0.026359203124447294,0.025631992797534295,0.021425640658005556,0.02926595066085702
2017-01-09,2016-2019,0.01100000000000012,0.039503496914786614,0.039762267827886326,0.033324175544024566,0.030010665595331082
2017-01-16,2016-2019,-0.029999999999999805,0.01561807859471333,0.01376603404948781,0.02571842336387014,0.025914021411654838
2017-01-23,2016-2019,-0.03200000000000003,-0.0012210041647099162,-0.0010002732476102427,-0.002612275155221477,0.0037567102795032707
2017-01-30,2016-2019,-0.03000000000000025,-0.008733258524084807,-0.007714618221796342,0.0041312716608706114,-0.0030143541228399334
2017-02-06,2016-2019,-0.0029999999999996696,-0.009543565891731378,-0.010358639311110411,-0.0006805118789069373,-0.005932570393359619
2017-02-13,2016-2019,0.01399999999999979,0.005535616748818299,0.005383998806409667,0.012106681715303292,0.010956651534039128
2017-02-20,2016-2019,-0.004999999999999893,0.015119679868692315,0.014330281821124745,0.012759467268322985,0.008669373780333712
2017-02-27,2016-2019,0.01200000000000001,0.010019424143558376,0.011274670793040311,0.0095634422571317,-0.003490263569285194
2017-03-06,2016-2019,0.027000000000000135,0.0196223531839684,0.01905243227571161,0.017963984690149915,0.018199361157879592
2017-03-13,2016-2019,-0.018000000000000238,0.024570408624558462,0.0255973909742746,0.016761108702471574,0.006372653303426797
2017-03-20,2016-2019,-0.0019999999999997797,0.006040655430413346,0.006187853072689046,-0.012874254197992808,0.0003320094551921036
2017-03-27,2016-2019,-0.006000000000000227,0.014527672219542766,0.01492648538840912,0.0076952947852742416,-0.0006354855370741424
2017-04-03,2016-2019,0.04499999999999993,0.007005788617999563,0.006893784870386744,0.0035463543220204535,0.010705387562009347
2017-04-10,2016-2019,0.06400000000000006,0.03435873655647803,0.03201486314786604,0.030919385638795163,0.03407074494092846
2017-04-17,2016-2019,0.01200000000000001,0.04242948001307047,0.04301515361299585,0.0436847386572192,0.04371161508548499
2017-04-24,2016-2019,0.0129999999999999,0.02313020823330971,0.02234088182294434,0.0252978021523082,0.029512744134379616
2017-05-01,2016-2019,-0.03799999999999981,0.02284066019620637,0.024136440946009235,-0.0023815982843331538,-0.0038078979707973867
2017-05-08,2016-2019,-0.039000000000000146,-0.00903027869038925,-0.009473203573169352,-0.008902204802685582,-0.02136634433697197
2017-05-15,2016-2019,-0.0029999999999996696,-0.009116554835774886,-0.009124689233168556,-0.01911514909315204,-0.01784684323042723
2017-05-22,2016-2019,0.029999999999999805,0.0011265825173755644,0.0029214276419783315,0.005797307931662071,0.0073442565901682124
2017-05-29,2016-2019,0.007000000000000117,0.017623020196256042,0.017825684587472326,0.03139781623978879,0.03285962598551558
2017-06-05,2016-2019,0.008000000000000007,0.009907198909954297,0.0082906292348041,0.0012432217511124887,0.006739867614449263
2017-06-12,2016-2019,-0.04800000000000004,0.011482807209371778,0.011395136287016452,0.0029096601298649405,-0.00029385158392386643
2017-06-19,2016-2019,-0.04800000000000004,-0.02031931693136771,-0.02188240086591125,-0.029777001459366882,-0.0320933767384393
2017-06-26,2016-2019,-0.03000000000000025,-0.021281465549316144,-0.020080310608345114,-0.021763007660861245,-0.022662327697656498
2017-07-03,2016-2019,-0.028000000000000025,-0.020450565352064305,-0.019954983419919206,-0.028332924384151807,-0.026617417232712198
2017-07-10,2016-2019,0.037000000000000366,-0.018726260982305214,-0.01899534734543085,-0.00027608822144722055,0.0045513154019473975
2017-07-17,2016-2019,-0.019000000000000128,0.013172440654461881,0.013040069714849018,-0.002184276676178354,-0.003726969344192477
2017-07-24,2016-2019,0.03399999999999981,-0.014524894634796564,-0.015135190955631993,0.0012876962796182956,0.01268019342359629
2017-07-31,2016-2019,0.040000000000000036,0.01650454753639425,0.016913285607573995,0.0025306331993238036,0.00031918553192016925
2017-08-07,2016-2019,0.026000000000000245,0.010102967469501288,0.008876791464393807,0.019131375219029217,0.02195038829146376
2017-08-14,2016-2019,0.005999999999999783,0.010318505940050375,0.011420716436370076,0.014744210825084593,0.01917781602557238
2017-08-21,2016-2019,-0.02400000000000002,-0.001351061863890613,-0.00178527674645615,-0.009131583119652498,-0.006700753233312549
2017-08-28,2016-2019,0.039000000000000146,-0.0184686226543015,-0.01902940819030667,-0.011452706095180811,-0.005671285439014065
2017-09-04,2016-2019,0.2799999999999998,0.008823370760593396,0.00832773409066085,-2.800888733645775e-05,-0.004762575741642941
2017-09-11,2016-2019,0.006000000000000227,0.12090133822141566,0.12241341903348114,0.06797125542242177,0.07141412413297522
2017-09-18,2016-2019,-0.051000000000000156,-3.665032290979745e-05,-3.729599764339407e-05,0.01599637004357255,0.029831141202130755
2017-09-25,2016-2019,-0.05099999999999971,-0.004350867107242149,-0.007389625199548424,0.0029936063488536094,-0.011115481994543427
2017-10-02,2016-2019,-0.018000000000000238,-0.044474129636301665,-0.04585847520414463,-0.018578493573791533,-0.012851656136746612
2017-10-09,2016-2019,-0.06099999999999994,-0.026217999603739838,-0.027561299649902685,-0.015552908361832827,-0.03247477017855567
2017-10-16,2016-2019,-0.015000000000000124,-0.04403806007690711,-0.04304948517090081,-0.036991093065824716,-0.04045524686209945
2017-10-23,2016-2019,-0.009999999999999787,-0.017952595240608295,-0.019794385530369933,-0.008871159146419583,-0.012910067927550612
2017-10-30,2016-2019,0.008999999999999897,-0.020363539767764283,-0.01710731952669208,-0.009248110310057091,-0.0003259479378746121
2017-11-06,2016-2019,0.07299999999999995,-0.003629327163928884,-0.004686104938456569,0.011769865485219296,0.018398426425271598
2017-11-13,2016-2019,0.03100000000000014,0.02711242656099906,0.0284882987238187,0.02327914919429759,0.016625476742353894
2017-11-20,2016-2019,-0.02400000000000002,0.010649341305789319,0.009768943505336136,0.02490848409964448,0.029875449743665572
2017-11-27,2016-2019,-0.03500000000000014,-0.008141707794776402,-0.008177802069050763,-0.006936784551093489,-0.01359997034933492
2017-12-04,2016-2019,-0.03299999999999992,-0.019628398335794762,-0.01893086652023362,-0.0009046090104218434,0.002524192370306066
2017-12-11,2016-2019,-0.015000000000000124,-0.022431652146686167,-0.02444125951009651,-0.01229462974001019,-0.015127769539257098
2017-12-18,2016-2019,-0.0349999999999997,-0.011864589662759472,-0.008807603257559502,-0.006643146318349684,-0.00708708386080949
2017-12-25,2016-2019,0.021999999999999797,-0.019157367185631335,-0.018476806419693584,-0.006020086098396323,-0.010371607814795033
2018-01-01,2016-2019,0.04800000000000004,0.0113922181838267,0.009606171554919881,0.011045484424116117,0.010679664636173997
2018-01-08,2016-2019,0.0019999999999997797,0.022793759775574917,0.022435772192350652,0.03239786399295461,0.026725040877152398
2018-01-15,2016-2019,0.03500000000000014,0.009596836508932312,0.00971355638751642,0.015345041974377239,0.016432407203713598
2018-01-22,2016-2019,0.010000000000000231,0.027265657005790506,0.027631190755393803,0.035859730734349185,0.040313731997638894
2018-01-29,2016-2019,0.040000000000000036,0.0105696481561267,0.010943679297652421,0.011698616790729054,0.019357661169776937
2018-02-05,2016-2019,0.029999999999999805,0.0309618873324637,0.030807761596433406,0.032822510888480864,0.03307141321404403
2018-02-12,2016-2019,-0.029999999999999805,0.023389543883259003,0.02501654025357886,0.014499876333895732,0.008654305981342519
2018-02-19,2016-2019,-0.050000000000000266,-0.00026317471273432276,-0.0002413950780874523,-0.022991956453890225,-0.025577796329452007
2018-02-26,2016-2019,-0.008999999999999897,-0.011741719026147826,-0.010103105122891264,0.0029539139375322197,-0.00011106014829614905
2018-03-05,2016-2019,0.01200000000000001,0.0016832768730450085,0.004037617029670391,0.014965606310914148,0.01465395580601197
2018-03-12,2016-2019,-0.0009999999999998899,0.01222822548350626,0.009702934117959028,-0.0005223719778973549,-0.005665923075708346
2018-03-19,2016-2019,0.0389999999999997,0.011943468292332319,0.013653261832110294,0.01973200414041107,0.01788216429925417
2018-03-26,2016-2019,0.050000000000000266,0.03212080989726596,0.030915167805313563,0.015835379235433406,0.012100535512298937
2018-04-02,2016-2019,0.052000000000000046,0.035416712730110385,0.035987236366663594,0.045590346552792226,0.04660777999464648
2018-04-09,2016-2019,-0.006000000000000227,0.041156790799475276,0.041075540023974295,0.03031775408324722,0.03302152180473233
2018-04-16,2016-2019,0.052999999999999936,0.012949682499804225,0.013728869924492314,0.0011777557339254163,-0.0012071675237277913
2018-04-23,2016-2019,0.051000000000000156,0.03976371682098046,0.039056197527216285,0.06039125136761954,0.056055080718797556
2018-04-30,2016-2019,0.04800000000000004,0.03173539727588119,0.030790325828884725,0.03262943910183729,0.0396722114239912
2018-05-07,2016-2019,-0.0009999999999998899,0.03798925525048496,0.03736287260132228,0.036060384851488346,0.03496570510102531
2018-05-14,2016-2019,0.028000000000000025,0.01132982076249762,0.009818804860807561,0.020983143324737424,0.026736804145985164
2018-05-21,2016-2019,0.04999999999999982,0.0232337947527912,0.02266809027431076,0.030326104815080843,0.03038036559104567
2018-05-28,2016-2019,0.039000000000000146,0.027135625480559544,0.026296164459226865,0.026623481071629866,0.02902663946306994
2018-06-04,2016-2019,-0.02200000000000024,0.025644710000934504,0.028321146865258075,0.009756123321901611,0.0037469935757148617
2018-06-11,2016-2019,-0.028999999999999915,-0.0033775814137112104,-0.005584262053202506,-0.006679261766980081,-0.00010672159270108008
2018-06-18,2016-2019,-0.03200000000000003,-0.010662499212836405,-0.011356031494734055,-0.009286574170544504,-0.01630813508912605
2018-06-25,2016-2019,-0.04599999999999982,-0.02020014153205522,-0.02224300289095743,-0.02190860892640044,-0.027413368293294556
2018-07-02,2016-2019,0.010999999999999677,-0.027011857361331073,-0.027379177306533393,-0.005146301449766369,0.0024207524714407996
2018-07-09,2016-2019,0.013000000000000345,-0.0013039737949762196,-0.0019987696419629507,0.02025276136655336,0.017459020557192912
2018-07-16,2016-2019,0.008000000000000007,-0.002607821522836073,0.00021582176210398462,-0.0098832483417535,-0.012218715911827036
2018-07-23,2016-2019,-0.03400000000000025,0.0008120642774359623,0.003720050171699867,-0.009342861278178623,-0.003345175380508642
2018-07-30,2016-2019,0.015000000000000124,-0.022083693615730902,-0.0203817162645495,-0.027393556568278396,-0.02674872443791101
2018-08-06,2016-2019,0.005999999999999783,-0.0008386611166360265,0.001798047103864708,-0.007762272198164044,-0.000210662981854697
2018-08-13,2016-2019,-0.008999999999999897,-0.010384074871713223,-0.012683818146423647,-0.011440516357300718,-0.011157228385215887
2018-08-20,2016-2019,-0.021999999999999797,-0.011479079915752968,-0.009968315535414728,-0.017027302977554046,-0.012896865497676229
2018-08-27,2016-2019,0.005999999999999783,-0.02118067197220762,-0.026753891074221263,-0.032202414627567816,-0.03619188718057754
2018-09-03,2016-2019,-0.0030000000000001137,-0.009971614322898066,-0.007206756947117843,0.008956270896009371,0.016109177710207142
2018-09-10,2016-2019,0.009000000000000341,-0.015459953583579194,-0.014715397137069701,-0.003774461901215231,0.005758030582327079
2018-09-17,2016-2019,0.008000000000000007,-0.006443063531085544,-0.00749237481166125,-0.015371905175590932,-0.02693581761731021
2018-09-24,2016-2019,0.0029999999999996696,-0.008901663593989854,-0.009196072406538285,0.004478681018232896,-0.008129045348671034
2018-10-01,2016-2019,0.02200000000000024,-0.009609332047982021,-0.012462973011970857,-0.00035119345749681677,0.00027217955338369157
2018-10-08,2016-2019,0.03699999999999992,-0.0009322030861848116,-0.0017377636272301795,0.016316249761055435,0.018364292071651186
2018-10-15,2016-2019,-0.02400000000000002,0.006143976062010864,0.00514056648864519,0.01668798104889483,0.017826846907099177
2018-10-22,2016-2019,-0.03799999999999981,-0.02001136903838813,-0.01905300128503316,-0.024606798575241333,-0.031123521339778637
2018-10-29,2016-2019,-0.03000000000000025,-0.025471248687364705,-0.027199292496097618,-0.02380856418673471,-0.029396955210445257
2018-11-05,2016-2019,-0.05799999999999983,-0.028459526317711217,-0.029817965145447232,-0.03726726225973921,-0.05085252358857338
2018-11-12,2016-2019,-0.06700000000000017,-0.04032666956682719,-0.038649499571996836,-0.053333624756091255,-0.06146472007401896
2018-11-19,2016-2019,-0.07499999999999973,-0.04224909105987461,-0.04482418411824162,-0.04991181292948115,-0.0575730457449967
2018-11-26,2016-2019,-0.07200000000000006,-0.048246683499743336,-0.04669987300849231,-0.06146264247312422,-0.061222798409880735
2018-12-03,2016-2019,-0.08800000000000008,-0.045500960967807064,-0.043603247084261845,-0.06301198327642055,-0.06504295110669205
2018-12-10,2016-2019,-0.03000000000000025,-0.052117647534545924,-0.05344282341540011,-0.062058940848777604,-0.05849736773027154
2018-12-17,2016-2019,-0.0519999999999996,-0.022326183455955443,-0.022435329865271688,-0.013938857037329435,-0.015031010419035836
2018-12-24,2016-2019,-0.04800000000000004,-0.032593665927194856,-0.026061357274228012,-0.03504340445583404,-0.03191749548620792
2018-12-31,2016-2019,-0.05500000000000016,-0.02203888850543462,-0.026851916603682104,-0.05839252951755856,-0.06443902518328605
2019-01-07,2016-2019,-0.028999999999999915,-0.02812409678947528,-0.030528274960746348,-0.03516220269902863,-0.03307597226253784
2019-01-14,2016-2019,0.009999999999999787,-0.013069911077839348,-0.011156035415897863,0.0023311140389921446,0.0009550746433416465
2019-01-21,2016-2019,0.0040000000000000036,0.006276941716053188,0.007036085560136351,0.021654214962340386,0.024999928279068256
2019-01-28,2016-2019,0.004999999999999893,0.008300673353304125,0.009645377302848687,0.025976564168993244,0.026054030728141154
2019-02-04,2016-2019,-0.0019999999999997797,0.013539840177587994,0.010638438566450737,0.014651552548093806,0.009462809134891427
2019-02-11,2016-2019,0.021999999999999797,0.009261735054915751,0.009560898619149088,0.01660892928472239,0.018544497790985406
2019-02-18,2016-2019,0.04100000000000037,0.021827983910097846,0.021256323016844,0.013496269598191035,0.016999530860697776
2019-02-25,2016-2019,0.07299999999999995,0.030974285701833776,0.03171325158286832,0.0405290456674024,0.04639307873778244
2019-03-04,2016-2019,0.03200000000000003,0.04990878768484935,0.05186696660542745,0.053609702521104155,0.04976685248373664
2019-03-11,2016-2019,0.04899999999999993,0.032343875290408754,0.029718166730078977,0.019660912742770712,0.02710065402189225
2019-03-18,2016-2019,0.07699999999999996,0.043266294675616115,0.04169991774927154,0.03862923347916169,0.04051063436628169
2019-03-25,2016-2019,0.07500000000000018,0.05091307276649886,0.051510297987912,0.041443772680125064,0.0555619775366501
2019-04-01,2016-2019,0.06799999999999962,0.05321855914964406,0.05565360458845499,0.04903311502652016,0.056631816264149655
2019-04-08,2016-2019,0.05400000000000027,0.052069629794657624,0.04978783362831226,0.04158515309766246,0.029868287867372265
2019-04-15,2016-2019,0.08299999999999974,0.043535947106044415,0.046531788740842434,0.052693123401436344,0.06719651210561672
2019-04-22,2016-2019,0.013000000000000345,0.05568616694753009,0.0561461636965787,0.0505152638010847,0.03917418758856322
2019-04-29,2016-2019,0.04599999999999982,0.020230264445173667,0.019827193756440303,0.019554866415547715,0.024985191186935252
2019-05-06,2016-2019,0.009999999999999787,0.0381191165547895,0.03938053240108991,0.026502505815491444,0.030059337319103277
2019-05-13,2016-2019,-0.030999999999999694,0.01110487136760616,0.010152212960733459,0.01133303363087446,0.008221784136843073
2019-05-20,2016-2019,-0.014000000000000234,-0.003842605910998759,-0.0029093416729479007,0.003999329002975482,0.0012092854095300193
2019-05-27,2016-2019,-0.029999999999999805,-0.002491668404000047,-0.003830210502143841,0.008092769878577016,-0.0005996199930154393
2019-06-03,2016-2019,-0.015000000000000124,-0.0147287096780013,-0.01759166142625945,-0.027983744504836906,-0.03380019839306081
2019-06-10,2016-2019,-0.07499999999999973,-0.005632479922858542,-0.005816129518767092,-0.023126486544660544,-0.03425955042810611
2019-06-17,2016-2019,-0.06200000000000028,-0.03773509194253806,-0.0394529050204539,-0.03739258408088999,-0.030839750863761815
2019-06-24,2016-2019,-0.016000000000000014,-0.031011581381195058,-0.02958886716265445,-0.030719972949022373,-0.029227167867860344
2019-07-01,2016-2019,0.05900000000000016,-0.01754265981521012,-0.02219956028251994,-0.0021242222081289423,-0.0010498072711556325
2019-07-08,2016-2019,0.029999999999999805,0.020867010281067414,0.024875644168002527,0.01627066340968122,0.016492686608465083
2019-07-15,2016-2019,0.03600000000000003,0.011288599073334956,0.01051027703955238,-0.007309269218458883,0.004867475928181182
2019-07-22,2016-2019,-0.028999999999999915,0.01969234691528397,0.022284121027320903,0.019244013045237374,0.023063582688338156
2019-07-29,2016-2019,-0.03500000000000014,-0.0183701496923738,-0.019260202581160398,-0.03631654957170481,-0.035741064384470896
2019-08-05,2016-2019,-0.02699999999999969,-0.021357033231659932,-0.01895132734781441,-0.015906053081197503,-0.012229657979551245
2019-08-12,2016-2019,-0.06400000000000006,-0.026277605170269898,-0.025431041112531232,-0.02615917532108005,-0.030944649851951427
2019-08-19,2016-2019,-0.026000000000000245,-0.043224831691505566,-0.04239971571941204,-0.04696931717802708,-0.04900081280668509
2019-08-26,2016-2019,-0.02400000000000002,-0.024913446402681498,-0.025891091565808582,-0.017887139441633133,-0.025652480971943024
2019-09-02,2016-2019,-0.010999999999999677,-0.02861732262494634,-0.027403704888305264,-0.03310336922080242,-0.026219510175623042
2019-09-09,2016-2019,-0.013000000000000345,-0.017148123581080373,-0.014257900906390883,-0.004044460052044338,-0.006248073351367613
2019-09-16,2016-2019,0.002000000000000224,-0.01920243094716755,-0.020636877186569928,-0.01728256814413706,-0.01181627558894303
2019-09-23,2016-2019,0.10199999999999987,-0.010723092067956932,-0.011175383804026412,-0.012189552582590255,-0.019810757419986374
2019-09-30,2016-2019,-0.01200000000000001,0.03644554790157491,0.035287138637491854,0.044837244192569986,0.03519180775425873
2019-10-07,2016-2019,0.0030000000000001137,-0.015168587041892608,-0.013819819991830622,-0.020636333810378216,-0.007609988458908958
2019-10-14,2016-2019,-0.016000000000000014,0.00225582295343047,2.46605268768409e-05,-0.02701198172391742,-0.03953393910377476
2019-10-21,2016-2019,0.008999999999999897,-0.022667160033934833,-0.023199828679045784,-0.008288740697625842,-0.0024010073535125943
2019-10-28,2016-2019,-0.041999999999999815,-0.004864777131458199,-0.003901250680820526,-0.01061084012823507,-0.01472938895377869
2019-11-04,2016-2019,0.008999999999999897,-0.030826385546127932,-0.030722193956883487,-0.011920606031827492,-0.00622451662439821
2019-11-11,2016-2019,0.010000000000000231,-0.002485953352076624,-0.0017122978818351177,-0.01610619832528813,-0.01664746309238665
2019-11-18,2016-2019,-0.02300000000000013,-0.007183809758278955,-0.007430816558727433,0.00568791666599254,0.0038515771580134276
2019-11-25,2016-2019,-0.0129999999999999,-0.014209254520521727,-0.013385989938387674,-0.002520691084382866,-0.005149108556582773
2019-12-02,2016-2019,-0.0040000000000000036,-0.010016097359947018,-0.008264301292247547,-0.003949831974393513,-0.0037492571496658598
2019-12-09,2016-2019,-0.014000000000000234,-0.008154420666520697,-0.008961501297884186,-0.0013935764704772658,-0.002401926382744809
2019-12-16,2016-2019,-0.02499999999999991,-0.009233001677040135,-0.010162743855103872,0.004706080017503049,-0.005194830626218553
2019-12-23,2016-2019,-0.0040000000000000036,-0.012425315780982268,-0.014104940012543133,0.0035464027461811344,0.0042970026793762465
2019-12-30,2016-2019,0.039000000000000146,-0.002513983191810069,-0.0014476426491992146,0.005289212838747558,0.0074644182538751245
2020-01-06,2020-2023,0.006999999999999673,0.016240044277032028,0.017899451935940797,0.015536483914943024,0.02429634126693441
2020-01-13,2020-2023,-0.008000000000000007,0.007595484815682208,0.007334144393838028,0.009497628547567354,0.017254556040066565
2020-01-20,2020-2023,-0.03299999999999992,0.0046612879761486325,0.0039033397483101947,-0.001744255432566376,-0.008695512815071044
2020-01-27,2020-2023,-0.03100000000000014,-0.008351046453374797,-0.009285853099828396,-0.013285968256799502,-0.014959906011896623
2020-02-03,2020-2023,-0.05099999999999971,-0.00845982971758975,-0.008319239165424874,-0.024499801850427685,-0.03647178996416664
2020-02-10,2020-2023,-0.03600000000000003,-0.017699411174631138,-0.021112588692182684,-0.02663124882052946,-0.03066463580483071
2020-02-17,2020-2023,0.008999999999999897,-0.010862596063932072,-0.009475069751375685,-0.023281128751898236,-0.017656112698615403
2020-02-24,2020-2023,0.038000000000000256,0.007694951368193783,0.009106114084199531,-0.0010169119839972922,-0.0008671385829978524
2020-03-02,2020-2023,-0.04300000000000015,0.02368858609086722,0.02520512887967559,0.017771360464174796,0.028132118640935948
2020-03-09,2020-2023,-0.04800000000000004,-0.004839753518400795,-0.00604127856306954,-0.032510097471468255,-0.043856767640250316
2020-03-16,2020-2023,-0.12699999999999978,-0.0076416259065209,-0.009113353751859413,-0.02862459281633604,-0.018220941259828684
2020-03-23,2020-2023,-0.1280000000000001,-0.04763008576049238,-0.05329149423424891,-0.09684031022901263,-0.1557278928359389
2020-03-30,2020-2023,-0.11500000000000021,-0.05060309261983842,-0.055216073381254026,-0.08975806703724142,-0.14200820493315794
2020-04-06,2020-2023,-0.08099999999999996,-0.05152969728322601,-0.053147148734973025,-0.06496691150619992,-0.1010797577934509
2020-04-13,2020-2023,-0.07099999999999995,-0.03603702428721551,-0.03450142036821686,-0.01328285556047988,-0.02997697953770173
2020-04-20,2020-2023,-0.040999999999999925,-0.02933493243846654,-0.03492629291758307,-0.04162374799746687,-0.019381098962978204
2020-04-27,2020-2023,-0.039000000000000146,-0.013764612817720775,-0.013753638867810428,-0.02955846148235772,-0.009001123217445244
2020-05-04,2020-2023,0.016000000000000014,-0.011527685570151306,-0.0025352656112437068,-0.06722052392603171,-0.04182181461829759
2020-05-11,2020-2023,0.062000000000000055,0.013428900676299193,0.014854230297154972,0.02060726392048576,0.04520170749525839
2020-05-18,2020-2023,0.026999999999999913,0.03394207296081949,0.03414520612825212,0.04723444692998194,0.0770315922831273
2020-05-25,2020-2023,0.08200000000000007,0.024737857360449162,0.026396427476887717,0.051613185914713665,0.02431034171319109
2020-06-01,2020-2023,0.014000000000000012,0.04861171813611609,0.054112594252878454,0.043225316006854204,0.05581345878183803
2020-06-08,2020-2023,0.062000000000000055,0.017691772064770985,0.01608212796320626,0.04300640473856539,0.042737409193177
2020-06-15,2020-2023,0.06199999999999983,0.0386332869982095,0.0412761822786562,0.05373201076154407,0.07110665498481142
2020-06-22,2020-2023,0.03100000000000014,0.032903556545851885,0.03516379255702514,0.014563345782070287,0.012078841625059364
2020-06-29,2020-2023,0.04499999999999993,0.0231023510582157,0.025015606223322384,0.038263691007639405,0.0649808184501083
2020-07-06,2020-2023,0.0030000000000001137,0.025939833379474336,0.02574975138984918,0.019835257073958973,0.005806383192436911
2020-07-13,2020-2023,0.017999999999999794,0.004927264317445643,0.002546134990490515,0.01767225748951468,0.035280233968627894
2020-07-20,2020-2023,-0.008999999999999897,0.009688870006732683,0.010735972132375935,0.013241012646065534,0.017443225911165955
2020-07-27,2020-2023,-0.01100000000000012,-0.005855316375856225,-0.007356419230849418,-0.002458824506619306,-0.01446245239970677
2020-08-03,2020-2023,0.001000000000000334,-0.007212387682274863,-0.007206945687434124,0.0034622379152692106,0.014814616481263093
2020-08-10,2020-2023,-0.010000000000000231,-0.0056168169149462864,-0.005879085364148552,-0.007060196246736906,-0.02090842538335355
2020-08-17,2020-2023,0.0,-0.010525482506133768,-0.011344924146840794,0.0008542184227964373,0.005522994095625355
2020-08-24,2020-2023,0.016000000000000014,-0.006448453342754558,-0.005447556323799148,-0.0006074703224485102,0.0009099351760314011
2020-08-31,2020-2023,0.040000000000000036,-0.0009920530586436105,-0.0011729488935270922,-0.0012363492214548816,0.0027599708135221117
2020-09-07,2020-2023,-0.01100000000000012,0.010094393933382214,0.011943725722101402,0.005699261145771611,0.013792789735335693
2020-09-14,2020-2023,-0.028000000000000025,-0.009396661307857062,-0.010951084933622754,-0.01780390074523703,-0.019460417759551006
2020-09-21,2020-2023,-0.01499999999999968,-0.016830243381091937,-0.01725208374101509,-0.024156883295145083,-0.045805603249444105
2020-09-28,2020-2023,0.0009999999999998899,-0.016615506285351748,-0.017811599742250432,-0.0018219750079067026,0.00023866052593813616
2020-10-05,2020-2023,0.0030000000000001137,-0.010319201545855009,-0.00990824790072736,-0.014254637020592579,-0.01632541838119851
2020-10-12,2020-2023,-0.0050000000000003375,-0.0073280011033444005,-0.0074577493775555845,-0.01646386741836997,-0.020385031893035643
2020-10-19,2020-2023,-0.016999999999999904,-0.008927469980468554,-0.00857659469509769,0.007268801672166833,0.011090101841063089
2020-10-26,2020-2023,-0.007000000000000117,-0.013674781616595456,-0.01455753715070636,-0.009439998499694376,-0.018977894924148753
2020-11-02,2020-2023,-0.030999999999999694,-0.009984533647423239,-0.010637915915530016,-0.009331665118252565,-0.018170596190970646
2020-11-09,2020-2023,-0.016000000000000014,-0.019760140426010087,-0.021086206598381035,-0.029928542437861784,-0.046931674469932995
2020-11-16,2020-2023,0.015000000000000124,-0.012542585863550143,-0.012084199149418318,-0.004688768475047242,-0.005493850068340267
2020-11-23,2020-2023,-0.009000000000000341,-7.081631714090319e-05,0.0006063054199030234,0.012975111152180033,0.011333001429432096
2020-11-30,2020-2023,0.018000000000000238,-0.006332162182253175,-0.007219509596969696,0.008976532721228617,0.02065255485388799
2020-12-07,2020-2023,0.03600000000000003,0.007652712133588986,0.009029932941954212,0.02288028288165211,0.03715965122019748
2020-12-14,2020-2023,0.0019999999999997797,0.01509314510534757,0.016313130153405374,0.018723592793136228,0.011330687215625194
2020-12-21,2020-2023,0.06600000000000028,0.005199569939279865,0.004740600361947223,0.01426503235702248,0.02421628886400557
2020-12-28,2020-2023,0.018999999999999684,0.03304900878561481,0.03740786316618467,0.02724133924782809,0.034562491726116806
2021-01-04,2020-2023,0.006000000000000227,0.013844434483110502,0.01177387218900198,0.011842523976618053,0.0161443805033755
2021-01-11,2020-2023,0.06800000000000006,0.013320637492684069,0.013436592316650514,0.013208338084483502,0.02144471963520577
2021-01-18,2020-2023,0.06199999999999983,0.03526999068977695,0.038721689233065654,0.03473972945774278,0.04767188000412348
2021-01-25,2020-2023,0.0129999999999999,0.03539816002226651,0.037102715973133034,0.026975670372889324,0.03307684200005874
2021-02-01,2020-2023,0.016999999999999904,0.02089630801856609,0.020512139900730194,0.01936929367840206,0.02697487241099738
2021-02-08,2020-2023,0.052000000000000046,0.020435807660838103,0.02095910159895009,0.018367398356553887,0.024285818732966577
2021-02-15,2020-2023,0.040000000000000036,0.031816919598117346,0.03432331655880265,0.03736668695625658,0.047646347037632784
2021-02-22,2020-2023,0.13200000000000012,0.02949986508554188,0.030226042478603492,0.03945675846190004,0.05094022131843557
2021-03-01,2020-2023,0.07799999999999985,0.07084147237886407,0.0771538382744905,0.039875290919085794,0.04948177360987867
2021-03-08,2020-2023,0.06000000000000005,0.050786395938893926,0.05214078739012229,0.05177372883804877,0.06312490588755547
2021-03-15,2020-2023,0.0820000000000003,0.04903779558284949,0.051031743512242295,0.049627062732141285,0.07834101456063404
2021-03-22,2020-2023,0.01200000000000001,0.05208865937520933,0.05352171181276013,0.03415675811036901,0.06172693853951936
2021-03-29,2020-2023,-0.013000000000000345,0.022341902555971745,0.020387090545824837,0.004950163455990606,-0.0234016307064476
2021-04-05,2020-2023,0.0050000000000003375,0.010867234605970897,0.010783553025281497,0.008624338402652941,0.023824318154001378
2021-04-12,2020-2023,-0.008000000000000007,0.010975546630004279,0.011258700899183308,0.006006665550560904,0.015809787959994187
2021-04-19,2020-2023,0.005999999999999783,0.004280406079144466,0.0037281971501633713,-0.005923969897520906,-0.009972175795687075
2021-04-26,2020-2023,0.016999999999999904,0.01085479273940963,0.011544778259891832,0.02347068467317078,0.03390782648162518
2021-05-03,2020-2023,0.018000000000000238,0.01413199040859145,0.015264344995935413,0.008366191725943679,0.0068363827514733196
2021-05-10,2020-2023,0.07099999999999973,0.01549277205807208,0.015954547125145414,0.01772274708441445,0.030972346177783855
2021-05-17,2020-2023,0.06700000000000017,0.037569718701695246,0.04131038627099966,0.023581365526331485,0.02510254225811768
2021-05-24,2020-2023,-0.008000000000000007,0.036862108088123395,0.037903656632144074,0.022036851794076433,0.02367297233405484
2021-05-31,2020-2023,0.007000000000000117,0.00861041441878144,0.006437791649421778,0.008592467014823992,0.0074741431340482065
2021-06-07,2020-2023,0.008000000000000007,0.009915521605821688,0.010621462836197743,0.016484718360119353,0.01914367643041616
2021-06-14,2020-2023,0.03399999999999981,0.0033326557680925946,0.002573891839363994,0.018500277207162623,0.022921625801451184
2021-06-21,2020-2023,-0.008999999999999897,0.014836968847324357,0.01686494797291465,0.01296149689025278,0.006012732558579722
2021-06-28,2020-2023,0.03100000000000014,-0.003410473976896223,-0.004624759460010406,0.0122009819427658,0.013283982882134114
2021-07-05,2020-2023,0.030999999999999694,0.012538549671366703,0.01568327277181232,0.023419612075544455,0.02731099999868441
2021-07-12,2020-2023,0.01100000000000012,0.008983080757399325,0.009715773034900057,0.011645987448460538,0.01479363294268661
2021-07-19,2020-2023,0.020000000000000018,0.0030920544773874086,0.0027081397833585976,0.005731911799749083,0.007298242353873937
2021-07-26,2020-2023,-0.016999999999999904,0.004551111458137066,0.004601210982601726,-0.004674243141173146,-0.006025274780586961
2021-08-02,2020-2023,0.022999999999999687,-0.013379971556979243,-0.015273689125212988,-0.012877759699191098,-0.010779429411623971
2021-08-09,2020-2023,0.013000000000000345,0.0017931816379817807,0.002705889524321581,0.008764617921740995,0.011194683453383801
2021-08-16,2020-2023,0.0019999999999997797,-0.0049305879715338796,-0.006045536973694719,-0.027975250087233665,-0.03375051045616348
2021-08-23,2020-2023,-0.028999999999999915,-0.007044337253910728,-0.007249463870823452,-0.009271073252338018,-0.00818820908638242
2021-08-30,2020-2023,-0.006000000000000227,-0.02225400788997655,-0.025138409568213654,-0.04138862908322337,-0.08017298472929926
2021-09-06,2020-2023,0.037000000000000366,-0.015216189619415716,-0.015299297988463035,0.013748588442506858,0.04963581253723925
2021-09-13,2020-2023,-0.01100000000000012,0.0007567969460237484,0.002285768297305895,0.002667391621994991,0.002194358884661116
2021-09-20,2020-2023,0.019000000000000128,-0.015664800592994983,-0.018622802429861522,-0.010383594034371422,-0.018256553646372388
2021-09-27,2020-2023,-0.009000000000000341,-0.0016603794295202159,7.36613065501436e-05,0.011981805562390377,0.0008902971951128058
2021-10-04,2020-2023,0.015000000000000124,-0.016570723839653537,-0.018795639529117152,0.0001461792559604479,-0.0098606172758572
2021-10-11,2020-2023,0.07699999999999996,-0.004550402458163669,-0.00294564846978668,0.013957010961939166,0.019118456056697992
2021-10-18,2020-2023,0.05500000000000016,0.019983388676196416,0.023128594047865023,0.024814760305020847,0.019968897475040083
2021-10-25,2020-2023,0.06099999999999994,0.015816669152170105,0.016109225761026073,0.0303666669146927,0.04558237474490477
2021-11-01,2020-2023,0.007000000000000117,0.022933796583619128,0.024666206468918674,0.023030705815332474,0.02109375936076726
2021-11-08,2020-2023,0.020000000000000018,-0.0012457318336572733,-0.0026426058262311626,0.0021011072450044708,0.00334459166205087
2021-11-15,2020-2023,-0.01100000000000012,0.0034018344615037257,0.004096728692216043,0.00023916535829781249,-0.01741576772747825
2021-11-22,2020-2023,-0.0040000000000000036,-0.01283892711427904,-0.013962551286895648,-0.004265269639456359,-0.022877541828407226
2021-11-29,2020-2023,-0.015000000000000124,-0.008625906210615335,-0.008156463391333081,-0.022967050933597428,-0.04812965382026377
2021-12-06,2020-2023,-0.0389999999999997,-0.014573175330344258,-0.017372118008668506,-0.022683586945001742,-0.01004271223778973
2021-12-13,2020-2023,-0.026000000000000245,-0.023001820238513597,-0.025596863390293847,-0.051235006211128156,-0.09438816696917512
2021-12-20,2020-2023,-0.020000000000000018,-0.018215445877845307,-0.02094528120662612,0.00039981427745546417,0.013086549492992183
2021-12-27,2020-2023,-0.020000000000000018,-0.015823066968208472,-0.009369420702414493,-0.01795369561453505,-0.02027423804182845
2022-01-03,2020-2023,0.006000000000000227,-0.012924359594739133,-0.021859015650540426,-0.005734033763242427,-0.0012654806475307463
2022-01-10,2020-2023,0.01399999999999979,-0.00035675908936277803,0.001759093661877167,0.01157302975331581,0.014503607637273765
2022-01-17,2020-2023,0.01100000000000012,0.00517403689025345,0.006447012659725381,0.025453012019989757,0.036124664748248506
2022-01-24,2020-2023,0.016999999999999904,0.007556488304411958,0.008723830183908548,0.0359680257612418,0.05452736427040046
2022-01-31,2020-2023,0.04499999999999993,0.011438764066087148,0.01174813556102658,0.021040784705453498,0.022248541662187406
2022-02-07,2020-2023,0.07600000000000007,0.02395760926699345,0.025179241821781762,0.03585292068017777,0.05454817832954928
2022-02-14,2020-2023,0.04300000000000015,0.039289312836664494,0.04253630618627016,0.05445857533766588,0.07114582577574194
2022-02-21,2020-2023,0.042999999999999705,0.029615178789550816,0.02924070107110237,0.034332984249553784,0.05473415466922957
2022-02-28,2020-2023,0.07800000000000029,0.031152777126679947,0.03310414100111568,0.031162522827324728,0.03955363494489071
2022-03-07,2020-2023,0.4940000000000002,0.04301829588784893,0.04532622975105439,0.032487355649143485,0.02744407833326603
2022-03-14,2020-2023,0.21300000000000008,0.2184219707243667,0.24253535547806235,0.19998097253320443,0.2324081235521753
2022-03-21,2020-2023,-0.07600000000000051,0.11965463047928909,0.1171009269362313,0.09223961025517428,0.09749363415372807
2022-03-28,2020-2023,-0.008000000000000007,0.02195938079978699,0.013555520933041144,0.012041123232099386,0.03043862175241132
2022-04-04,2020-2023,-0.06099999999999994,0.011213139759690344,0.00997191425223489,0.07760451099236632,0.09238808128076266
2022-04-11,2020-2023,-0.07899999999999974,-0.031089498341746256,-0.038752446589429994,-0.08391443074807577,-0.11355876664373951
2022-04-18,2020-2023,-0.025000000000000355,-0.03292280045177159,-0.035940521939144286,-0.020682262114302224,-0.00048510605962104824
2022-04-25,2020-2023,0.04100000000000037,-0.01632370521832063,-0.012700334056061009,-0.0023178889918368767,-0.0007420006606618126
2022-05-02,2020-2023,0.07500000000000018,0.01183960152314933,0.012509204632787499,0.0018304023362811324,0.008529398571966905
2022-05-09,2020-2023,0.1459999999999999,0.03268495491873285,0.03867976672083556,0.008138583510943485,0.042503797564936115
2022-05-16,2020-2023,0.16299999999999937,0.06787484518807103,0.07410593394072137,0.0591000739606227,0.10844260319435224
2022-05-23,2020-2023,0.10200000000000031,0.07881149225899042,0.08400990332598833,0.03224890355536289,0.054558247632037586
2022-05-30,2020-2023,0.030999999999999694,0.0581778388427616,0.05814975691173249,0.0585808907737403,0.07143313927419041
2022-06-06,2020-2023,0.25200000000000067,0.025364744647550036,0.023532356824324738,0.03565015379138133,0.06361916791051542
2022-06-13,2020-2023,0.1299999999999999,0.1079551197497471,0.12056325670797954,0.08758674648777633,0.13478451869077782
2022-06-20,2020-2023,-0.04400000000000048,0.058315645427522315,0.057421162560345525,0.049459748349592166,0.012931604156536353
2022-06-27,2020-2023,-0.08999999999999986,-0.001670416927712233,-0.010065117693368887,-0.013659526871115683,-0.020788541276930056
2022-07-04,2020-2023,-0.10099999999999998,-0.04134498886329225,-0.04773488681818102,-0.02762781854771902,-0.02883974567877111
2022-07-11,2020-2023,-0.125,-0.06278917958362361,-0.06832460122446443,-0.023096266487933396,-0.06044024844273646
2022-07-18,2020-2023,-0.1559999999999997,-0.07668696721243644,-0.0848958108984516,-0.056795038426267486,-0.07988579380449676
2022-07-25,2020-2023,-0.16000000000000014,-0.09181110189514632,-0.09638343799099387,-0.0644884463720189,-0.10649353176838787
2022-08-01,2020-2023,-0.1379999999999999,-0.09713089032352308,-0.10231973530523425,-0.07338675060356672,-0.10136377115821603
2022-08-08,2020-2023,-0.15399999999999991,-0.09087258138997953,-0.09359195475460419,-0.040787077602247285,-0.04606111651249063
2022-08-15,2020-2023,-0.10000000000000009,-0.09700871170599625,-0.10622709707368255,-0.10650624121462278,-0.15872378775518137
2022-08-22,2020-2023,-0.058000000000000274,-0.07329727039919127,-0.07207393161014365,-0.05119674720961711,-0.0638286708198125
2022-08-29,2020-2023,-0.052999999999999936,-0.05524329801827036,-0.05631722229143236,-0.05616301072520592,-0.06713655837571872
2022-09-05,2020-2023,-0.08099999999999996,-0.04688627886808775,-0.047681283983877006,-0.03545502298837901,-0.05360460582082934
2022-09-12,2020-2023,-0.05600000000000005,-0.05529381845443439,-0.05802633308537493,-0.05884748422266241,-0.09314847919884461
2022-09-19,2020-2023,-0.03600000000000003,-0.04580168694756598,-0.04306309026338989,-0.03977912354968426,-0.05246116145223258
2022-09-26,2020-2023,0.05699999999999994,-0.03871208510975235,-0.043015289325369556,-0.037091976888258396,-0.06082529719256625
2022-10-03,2020-2023,0.07100000000000017,0.0035091844020987877,0.007832655921436234,-0.04961633351474889,-0.0670750944079523
2022-10-10,2020-2023,0.1299999999999999,0.014732155636222516,0.017624864453608793,0.004870218723825671,0.02886035507266274
2022-10-17,2020-2023,-0.040999999999999925,0.047830513145928656,0.05317884977777598,0.05722881243954207,0.07781076667084731
2022-10-24,2020-2023,-0.10199999999999987,-0.020664430674627362,-0.028869990932498743,-0.017705920255634153,-0.018545213974348676
2022-10-31,2020-2023,-0.027000000000000135,-0.04755517711535148,-0.05499731278656872,-0.02509650330173771,-0.023443521022778954
2022-11-07,2020-2023,0.053999999999999826,-0.032815229445979206,-0.030484781360603796,-0.011316125853276612,-0.0043421571142278695
2022-11-14,2020-2023,-0.03399999999999981,0.0010897392090312217,0.0027529438121473354,0.016476124819442932,0.013287410040972567
2022-11-21,2020-2023,-0.11399999999999988,-0.024635906626706644,-0.027718221784848115,-0.008893921848019851,-0.021443077070607545
2022-11-28,2020-2023,-0.11400000000000032,-0.054120478698840103,-0.05916259764831956,-0.0639698325196207,-0.11187131332428076
2022-12-05,2020-2023,-0.14399999999999968,-0.0640610129483063,-0.06812356426972824,-0.05430609223320783,-0.07205505946617234
2022-12-12,2020-2023,-0.15100000000000025,-0.08118112380490634,-0.08728183460788884,-0.03947983750227263,-0.06620039718915371
2022-12-19,2020-2023,-0.11899999999999977,-0.08294408179222448,-0.08910273507450224,-0.0885839715892055,-0.12350553721764801
2022-12-26,2020-2023,-0.028999999999999915,-0.07057538685167086,-0.0719419726251679,-0.03575355220667186,-0.02417671728819537
2023-01-02,2020-2023,0.13199999999999967,-0.030247213447308918,-0.02767275593721299,-0.0071453915963062015,0.017625921664154373
2023-01-09,2020-2023,0.03600000000000003,0.04489376213461831,0.05342678125078637,0.01134768111347612,0.029251922700186117
2023-01-16,2020-2023,0.051000000000000156,0.019700549836364836,0.019027921113818982,-0.011755898522490888,-0.019759064865218362
2023-01-23,2020-2023,0.10499999999999998,0.036120144280668606,0.0418812828593132,0.03227116975435942,0.06493435507219394
2023-01-30,2020-2023,0.07399999999999984,0.050672228797495826,0.0536622004931228,0.04192625453152771,0.053220500424854024
2023-02-06,2020-2023,-0.04499999999999993,0.04250721586402944,0.042802011989415016,0.01769795773962069,0.018146536025800117
2023-02-13,2020-2023,-0.053999999999999826,-0.003366867835096265,-0.0075884740914359565,-0.012476950006492946,-0.030408488775016958
2023-02-20,2020-2023,-0.01100000000000012,-0.014209555093031656,-0.017993884919538326,0.014588421831503245,0.021602677469590437
2023-02-27,2020-2023,-0.03699999999999992,-0.005766106270073497,-0.0063098742078690285,-0.00831896658197996,-0.01932268081728508
2023-03-06,2020-2023,0.04699999999999971,-0.014130227032905554,-0.016230217763723086,-0.00886904799729282,-0.016288094582759358
2023-03-13,2020-2023,0.06700000000000017,0.024188161763434343,0.02877730718915047,0.024494509889139753,0.03846872496508656
2023-03-20,2020-2023,-0.03399999999999981,0.03356685281182259,0.03541453398204611,0.005134582293108243,-0.004578042757307724
2023-03-27,2020-2023,-0.001000000000000334,-0.0005010969177520391,-0.0035905483198646836,-0.04027710541779982,-0.025444258176744082
2023-04-03,2020-2023,0.07600000000000007,0.010265439223031997,0.011469484556098681,-0.0017342186615062149,0.017135639514482943
2023-04-10,2020-2023,0.0990000000000002,0.034770640778228654,0.03769844035877561,0.037952146944571684,0.03371767494468079
2023-04-17,2020-2023,0.06699999999999973,0.05053446741216171,0.05400825769460377,0.06339172414979873,0.1019265857806917
2023-04-24,2020-2023,-0.006999999999999673,0.043643444285605765,0.04540563625604307,0.03603640725500775,0.03981553508947573
2023-05-01,2020-2023,-0.05600000000000005,0.01193939472328418,0.010864945671578393,-0.0011971531744437987,-0.0319142105924861
2023-05-08,2020-2023,-0.06700000000000017,-0.015236171232476928,-0.019900204845929515,-0.007588971052731687,-0.01182854186731363
2023-05-15,2020-2023,0.0030000000000001137,-0.02861181858951496,-0.030669131667254525,-0.03796372167936468,-0.06127145189552416
2023-05-22,2020-2023,-0.002000000000000224,-0.004165325970032348,-0.0037350834530101578,-0.02040202154026984,-0.02117281936346011
2023-05-29,2020-2023,0.037000000000000366,-0.004928046031367691,-0.004551056930223426,-0.0036428394162480353,0.009442773082826556
2023-06-05,2020-2023,-0.03000000000000025,0.016181010120487647,0.018272723503432176,0.007420183135333419,0.030653984318814442
2023-06-12,2020-2023,0.05400000000000027,-0.012401515668854285,-0.015394273553139848,-0.005228335312455506,0.005451251851794762
2023-06-19,2020-2023,-0.018000000000000238,0.02219418008598322,0.026550860896593472,-0.002756810539493836,-0.007490210955424435
2023-06-26,2020-2023,-0.005999999999999783,-0.011846427081586402,-0.015244263510261527,-0.004016371889926624,-0.017795189770883575
2023-07-03,2020-2023,-0.04400000000000004,-0.0032680439567334993,-0.0029094150090958966,-0.016364218824047337,-0.04204625272956988
2023-07-10,2020-2023,0.018999999999999684,-0.026628073149902926,-0.030395155578503058,-0.006222391058797714,0.01421953063349638
2023-07-17,2020-2023,0.013000000000000345,-0.0013467356523584888,0.000523054846012235,0.01355371497013696,-2.1632861496017372e-05
2023-07-24,2020-2023,0.03699999999999992,-0.005783874403879654,-0.006427736315851461,0.0023099203278575293,-0.009341703630217324
2023-07-31,2020-2023,0.16100000000000003,0.008565552517801212,0.011122298930969863,0.0133103200249722,0.04290649098795554
2023-08-07,2020-2023,0.07099999999999973,0.05920300845740568,0.0657437026051796,0.04541468324530208,0.05839043688526764
2023-08-14,2020-2023,0.02200000000000024,0.027337262116676926,0.026763324834633874,0.03546214150617577,0.03244083368150279
2023-08-21,2020-2023,0.017999999999999794,0.012502805970028995,0.012400280853701144,0.017209834585586323,0.039714075463988266
2023-08-28,2020-2023,-0.054999999999999716,-0.0006725822431007006,-0.0020039840665039095,-0.0019132297627856968,-0.02683477385774298
2023-09-04,2020-2023,-0.006000000000000227,-0.035518151790528384,-0.04058083675884541,-0.01328845439648359,-0.009716827713238223
2023-09-11,2020-2023,0.015000000000000124,-0.01829154380834181,-0.018060142745209406,0.010784062260208341,-0.03137227839314399
2023-09-18,2020-2023,0.05600000000000005,-0.013981701558979528,-0.014566319088459198,0.004488239797180135,0.02806636930401691
2023-09-25,2020-2023,-0.040999999999999925,0.008575380685557762,0.010733774470890937,0.023786157387196923,0.011816059928289413
2023-10-02,2020-2023,-0.039000000000000146,-0.028976530894914115,-0.032346677668723865,-0.00398478660923322,-0.031295951294962404
2023-10-09,2020-2023,-0.11399999999999988,-0.028493683827608137,-0.029682892465790922,-0.006407866149131761,-0.012396258663875358
2023-10-16,2020-2023,-0.1080000000000001,-0.0679042725667941,-0.07456692370275095,-0.06197632119648582,-0.11827051861348052
2023-10-23,2020-2023,-0.04300000000000015,-0.06671792131248451,-0.069493838658076,-0.018142628469007053,-0.030440785852454515
2023-10-30,2020-2023,-0.06000000000000005,-0.04475240659328186,-0.04589311837250467,-0.019631261231397502,-0.037947239563936974
2023-11-06,2020-2023,-0.07699999999999996,-0.047155814176779866,-0.05007523882832985,-0.03960687128445963,-0.048641836207949804
2023-11-13,2020-2023,-0.04699999999999971,-0.04831846330154015,-0.0509941041471602,-0.04113987158596177,-0.09362784653733858
2023-11-20,2020-2023,-0.06000000000000005,-0.03718501477849334,-0.03649343585803835,-0.045901219142058546,-0.01818872491914398
2023-11-27,2020-2023,-0.051000000000000156,-0.04147288755369977,-0.04413480335371294,-0.03319642553754943,-0.02564473354632696
2023-12-04,2020-2023,-0.007000000000000117,-0.03419818077393674,-0.036830466007300465,-0.03725018189799883,-0.05192643540551565
2023-12-11,2020-2023,-0.09499999999999975,-0.015420520097140395,-0.015879213873887812,-0.026265221981422074,-0.03507965270682053
2023-12-18,2020-2023,-0.08300000000000018,-0.04821805090983441,-0.0512578471962938,-0.03686205209955879,-0.027480936807715538
2023-12-25,2020-2023,0.06300000000000017,-0.04154274341315066,-0.04343987333202979,-0.030595972210446278,-0.03118335225000666
2024-01-01,2024-2026,-0.027000000000000135,0.024148324569839705,0.024349206091926465,0.026544301138069534,0.010592667718962362
2024-01-08,2024-2026,-0.016000000000000014,-0.020872556627595802,-0.020823156006751418,-0.02111350237633744,0.012403217075372616
2024-01-15,2024-2026,-0.015000000000000124,0.0032339810878564803,0.003270371012341685,0.006891965259226707,-0.004959754597039815
2024-01-22,2024-2026,0.0040000000000000036,-0.009520133836457187,-0.008722107213747205,-0.003997842086842979,-0.00950681403064146
2024-01-29,2024-2026,0.03300000000000036,0.005597622919509562,0.005691319045851666,0.007272568084448688,0.017977148863751638
2024-02-05,2024-2026,0.040999999999999925,0.020810922408343768,0.02389291964534638,0.03800345516134038,0.05341131035644088
2024-02-12,2024-2026,0.05600000000000005,0.02692044777227184,0.02499507234913963,0.0041132817059338,-0.008489011071929875
2024-02-19,2024-2026,0.07699999999999996,0.037474807199119275,0.03785303511545559,0.054887470201806336,0.060412064324540195
2024-02-26,2024-2026,-0.020000000000000018,0.048236900247304135,0.05267943992879007,0.04524906915032576,0.03425519729882766
2024-03-04,2024-2026,0.10099999999999998,-0.0007568179567352881,-0.0073813767317751034,-0.0027794864066778245,0.010065908792343382
2024-03-11,2024-2026,0.0259999999999998,0.06635737061626217,0.06890441662555825,0.06190569653433115,0.046831337371909476
2024-03-18,2024-2026,0.07699999999999996,0.013650868631519686,0.015921831601757443,0.011170230589578393,0.011606961613505747
2024-03-25,2024-2026,0.07000000000000028,0.057753424024712195,0.05467083915292844,0.05328802604695135,0.06610947947688656
2024-04-01,2024-2026,-0.006000000000000227,0.04064951386061255,0.043613262122193644,0.030074322573185867,0.03718529137036235
2024-04-08,2024-2026,0.07400000000000029,0.009031708685433567,0.005804015097339831,0.018266519071575525,0.010148022294892289
2024-04-15,2024-2026,0.03699999999999992,0.049554235153982176,0.05145884793428573,0.06560442326731322,0.058537798279407055
2024-04-22,2024-2026,0.040000000000000036,0.01999805968960675,0.01876220232463907,0.01797023915391454,0.0278639797001469
2024-04-29,2024-2026,-0.015000000000000124,0.03263427557005586,0.03536203301536401,0.01473009091678259,-0.002507476518612653
2024-05-06,2024-2026,-0.010000000000000231,-0.003178027397176343,-0.0027160322441105913,0.012678332182462858,0.01918338089492378
2024-05-13,2024-2026,-0.0349999999999997,0.001647955965016613,-0.0009011854882074904,-0.03355674724912162,-0.05232922805375132
2024-05-20,2024-2026,-0.02400000000000002,-0.018037913570104255,-0.018955619121782685,-0.011754523357397524,-0.00427133327730965
2024-05-27,2024-2026,-0.007000000000000117,-0.01019903768276777,-0.00857712340611406,-0.011050952937011919,-0.007439187671420796
2024-06-03,2024-2026,-0.06099999999999994,-0.0054632276008124885,-0.009069613779815152,-0.025651337594900157,-0.03896855553871056
2024-06-10,2024-2026,-0.08700000000000019,-0.03287236605504249,-0.031581232908828194,-0.02134870168725324,-0.02255341081041877
2024-06-17,2024-2026,0.006000000000000227,-0.04438941891851702,-0.040774353588671236,-0.04481147448774376,-0.03976866940623272
2024-06-24,2024-2026,0.0030000000000001137,-0.002793439005178004,-0.004460909437111668,0.0063875038240201,-0.0030621465916066417
2024-07-01,2024-2026,0.040999999999999925,-0.008919757442817798,-0.00784361030112042,0.018444123714501187,0.027045723529288
2024-07-08,2024-2026,0.009999999999999787,0.020004773667251115,0.019899848365648343,0.019674136868652325,0.013148280044036755
2024-07-15,2024-2026,0.007000000000000117,-0.0018045418211359856,0.00032993654714478236,0.012054632829100081,0.02227180937759892
2024-07-22,2024-2026,-0.02499999999999991,0.00026761495637633176,0.0002467966172414077,-0.005733380809143547,-0.0083574689664409
2024-07-29,2024-2026,0.0129999999999999,-0.021797205631737013,-0.02136109397371105,-0.024698077242517897,-0.022484947924323935
2024-08-05,2024-2026,-0.03600000000000003,-0.0015930916495324602,-0.00043134171511303586,-0.02443110946382835,-0.022040168335190704
2024-08-12,2024-2026,-0.03399999999999981,-0.03207700138022175,-0.03246610523664442,-0.04184068260954535,-0.039737376957054274
2024-08-19,2024-2026,-0.03200000000000003,-0.025449530872809524,-0.027071143979150343,-0.01184223840431521,-0.0026527351271106742
2024-08-26,2024-2026,-0.06899999999999995,-0.03141910813544904,-0.03310578575072334,-0.03108775639960517,-0.02304799326751401
2024-09-02,2024-2026,-0.02400000000000002,-0.049156530570381905,-0.05171812259156709,-0.04434902249799386,-0.03493037442330275
2024-09-09,2024-2026,-0.052999999999999936,-0.0250282632323341,-0.021432309748611905,-0.02627906550709327,-0.03988850103340731
2024-09-16,2024-2026,-0.05600000000000005,-0.04527921241960184,-0.044777412250904224,-0.07293575926052444,-0.08615401785816132
2024-09-23,2024-2026,0.004999999999999893,-0.04010761078629401,-0.04156579677659316,-0.03130207239721356,-0.03440283782186301
2024-09-30,2024-2026,-0.006000000000000227,-0.012899839329885886,-0.013898966170230191,-0.01316588298775834,-0.0242375944556239
2024-10-07,2024-2026,-0.042999999999999705,-0.019411051341591375,-0.02232051234106514,-0.039485703363276815,-0.0357267200475763
2024-10-14,2024-2026,0.0349999999999997,-0.031478742674724655,-0.03012074678746358,0.01201772233716106,0.021580016562841496
2024-10-21,2024-2026,-0.02699999999999969,0.00708700295020517,0.009861853008456354,-0.0008287385787378696,-0.00047517070499227226
2024-10-28,2024-2026,-0.04700000000000015,-0.029986300465558193,-0.03261815877853733,-0.04903793544138104,-0.042120094961746235
2024-11-04,2024-2026,-0.028000000000000025,-0.02854898457979375,-0.024358742993906096,-0.012367014228651824,-0.008295209309575328
2024-11-11,2024-2026,-0.016999999999999904,-0.026278640028869486,-0.02555688967536921,-0.041815985764863214,-0.05932244114602268
2024-11-18,2024-2026,-0.006000000000000227,-0.02006616627739587,-0.023906718773269917,-0.013524708376539596,0.004225775551162012
2024-11-25,2024-2026,-0.0019999999999997797,-0.01096057716545396,-0.008668584598078757,-0.015838574851562082,-0.028215874158913502
2024-12-02,2024-2026,-0.010000000000000231,-0.0075693625768164996,-0.009066811289337336,0.004660519260504512,0.014694524945004098
2024-12-09,2024-2026,-0.0259999999999998,-0.009863051323382872,-0.008697610277223256,-0.01765967032219674,-0.02994810324794439
2024-12-16,2024-2026,0.008000000000000007,-0.016605635008649047,-0.020859367331011375,-0.014826208420220928,-0.018221914175261564
2024-12-23,2024-2026,0.008000000000000007,0.0017224659752322485,0.006275940737511895,0.009317170307081547,0.014389179430767025
2024-12-30,2024-2026,-0.018000000000000238,0.0006598471773719449,-0.0025025645043066985,-0.010542022965596691,-0.010274783197117405
2025-01-06,2024-2026,0.04100000000000037,-0.007594900657437215,-0.006704405207507574,0.0016819157220765314,0.002126395997966357
2025-01-13,2024-2026,-0.0040000000000000036,0.02365725044374209,0.026892110927070056,0.02878820970229539,0.03277805693585929
2025-01-20,2024-2026,0.06599999999999984,-0.002761276630607116,-0.004078990151875303,0.017917341014673675,0.027295154203773712
2025-01-27,2024-2026,-0.005999999999999783,0.042633043523187336,0.04426857799887104,0.04914452361541541,0.04099483055903486
2025-02-03,2024-2026,-0.02100000000000035,-0.0021773308082256677,0.0005692216000428687,-0.008099297325947143,-0.0029507520169058184
2025-02-10,2024-2026,0.04600000000000026,0.00175009976848527,0.0030530959273142163,-0.0034322064060950813,-0.005267579811192158
2025-02-17,2024-2026,0.020000000000000018,0.027825602779498446,0.027199419859700407,0.006634414394592508,0.0071391021490063294
2025-02-24,2024-2026,-0.02300000000000013,0.014100857415103666,0.012166142157004586,0.015187780119998459,0.02139861220931292
2025-03-03,2024-2026,-0.04700000000000015,0.0006289059743144946,-0.001458184091968472,0.0015818902880883412,0.0005867350780739771
2025-03-10,2024-2026,-0.008999999999999897,-0.014945829730820167,-0.01635243514165968,-0.012234004116901868,-0.025469842210906323
2025-03-17,2024-2026,-0.01100000000000012,0.0022619706299338064,0.00183495282015528,-0.00793691721143928,-0.005336249384933571
2025-03-24,2024-2026,0.057000000000000384,-0.0005343784002315819,0.00033714256486234474,-0.0009807312125352582,0.0032644197987436487
2025-03-31,2024-2026,0.04699999999999971,0.03943694043230363,0.03947760426877424,0.031228305404768286,0.022898251009602168
2025-04-07,2024-2026,0.08099999999999996,0.03069467481968054,0.028921546042223186,0.03379258493140581,0.041276282780349983
2025-04-14,2024-2026,-0.07499999999999973,0.05515568477803223,0.055453165521970244,0.010831257371889372,-0.005246472323731282
2025-04-21,2024-2026,-0.027000000000000135,-0.0301834955489486,-0.02997740263352072,-0.016254501401508185,-0.010060146795753424
2025-04-28,2024-2026,-0.008000000000000007,0.0023087888495224914,0.0013954050205896872,0.0023983668023031977,-0.005786852649946883
2025-05-05,2024-2026,0.01399999999999979,-0.006996501201343761,-0.013415613796547968,-0.020047029333285865,-0.008463492585244748
2025-05-12,2024-2026,-0.02699999999999969,0.013332198762914155,0.015038992623503484,-0.007812697444826676,-0.017249223631845462
2025-05-19,2024-2026,0.052999999999999936,-0.008950585938081972,-0.005260861265401369,0.003871215128082431,0.02137967252239454
2025-05-26,2024-2026,-0.0129999999999999,0.03413005821688485,0.033856167728143,0.023287216022898943,0.01638814375026707
2025-06-02,2024-2026,-0.03300000000000036,-0.008267613729059271,-0.010569032877791406,-0.0023242276209169783,0.014663275086410011
2025-06-09,2024-2026,-0.018999999999999684,-0.008257622250557746,-0.006178053264400232,-0.011542929494519082,-0.018573482477914318
2025-06-16,2024-2026,0.030999999999999694,-0.011095452328891585,-0.01000843645853628,0.010266591885429385,0.011257596552883286
2025-06-23,2024-2026,0.07400000000000029,0.013304048987169088,0.012599722490973178,0.05281033793491956,0.0667002924100331
2025-06-30,2024-2026,-0.04899999999999993,0.03489332644836876,0.034380516881675684,0.03737919824289085,0.027005521751795537
2025-07-07,2024-2026,-0.039000000000000146,-0.02648263560386938,-0.023180783220988987,-0.05215927214321594,-0.05394611791624501
2025-07-14,2024-2026,0.004999999999999893,-0.016351888949687112,-0.010388617297276354,-0.0003078863168218676,0.005331792755552041
2025-07-21,2024-2026,-0.008999999999999897,-0.009162373369963374,-0.008449399805980728,-0.008380236498493393,0.008682621774395055
2025-07-28,2024-2026,0.002000000000000224,-0.013523966757155,-0.019689051273024335,-0.015767678818726885,-0.021905076927429355
2025-08-04,2024-2026,0.016999999999999904,-0.004294448270673586,-0.0027929581816635955,-0.014255669739662405,-0.013894404809229398
2025-08-11,2024-2026,-0.02200000000000024,-0.0007813549389024529,0.0006998000532302602,0.005720482822269135,0.0007129569598453298
2025-08-18,2024-2026,0.007000000000000117,-0.02062965208858189,-0.02155911220185945,-0.029237206676866013,-0.02405993479800293
2025-08-25,2024-2026,0.021999999999999797,-0.004163618567425394,-0.0064975880660297775,-0.021134765265453288,-0.022609688870019636
2025-09-01,2024-2026,0.03000000000000025,-0.0024302796003909293,-0.0004655614516301456,-0.0018658780437017326,0.008855159201133765
2025-09-08,2024-2026,0.015000000000000124,0.004991142435294671,0.0021969527740722194,-0.0035125856176069,-0.000341414585530045
2025-09-15,2024-2026,-0.02400000000000002,-0.002889302952564862,-0.0050238974764518635,-0.020420353168709743,-0.050792148342317926
2025-09-22,2024-2026,0.004999999999999893,-0.022580384812287302,-0.02352867658582353,-0.013266691472993315,0.008187674585006246
2025-09-29,2024-2026,-0.05500000000000016,-0.008427646225255037,-0.00861034655801211,-0.015913662727076717,-0.018263857649735198
2025-10-06,2024-2026,0.006000000000000227,-0.043607516717432473,-0.04504214671886533,-0.015596484775243138,-0.018913617515289385
2025-10-13,2024-2026,-0.06300000000000017,-0.005829547556934132,-0.006378319476357628,-0.035521623281366876,-0.05858523633370575
2025-10-20,2024-2026,-0.041999999999999815,-0.049841673379148604,-0.048969505619731006,-0.04366407744532858,-0.02243459372729995
2025-10-27,2024-2026,0.016000000000000014,-0.02808980758969035,-0.025237789790799173,-0.03678135114140502,-0.03480860977044733
2025-11-03,2024-2026,-0.016000000000000014,-0.007126021398838997,-0.010575415457284833,0.0026481255838369253,-0.014913598461779257
2025-11-10,2024-2026,0.03699999999999992,-0.019945079779696714,-0.020418991927393763,-0.021629218601477866,-0.019382474491771013
2025-11-17,2024-2026,0.005999999999999783,0.014459448424975551,0.01434188370405628,0.00041152484314511636,0.005349065542087599
2025-11-24,2024-2026,-0.0009999999999998899,-0.0073594623403329855,-0.004508202574498683,-0.0019247534268394871,0.009979704381927844
2025-12-01,2024-2026,-0.07600000000000007,-0.0025549055771970884,-0.0034540243202693605,-0.018213217401254533,-0.03679620135404673
2025-12-08,2024-2026,-0.04499999999999993,-0.04487902077322477,-0.046277863503457445,-0.026682366485832956,-0.008975144959200241
2025-12-15,2024-2026,-0.04499999999999993,-0.025097920019828496,-0.024792726499941884,-0.017097075948479448,-0.021976987444255375
2025-12-22,2024-2026,-0.053999999999999826,-0.032013851467182136,-0.03356082423035972,-0.03351579540626721,-0.03797960085084279
2025-12-29,2024-2026,-0.03000000000000025,-0.029457781727019454,-0.02910068481555789,-0.0262498082546744,-0.029158745412039347
2026-01-05,2024-2026,-0.015000000000000124,-0.016347020848030705,-0.013243134808245443,-0.0058177272786320774,-0.009443760472199504
2026-01-12,2024-2026,-0.016999999999999904,-0.008799016352025724,-0.00989287895806351,-0.010593308992512162,0.02498949979051339
2026-01-19,2024-2026,0.027000000000000135,-0.00615476283193733,-0.0057516571361339325,0.013688333703807253,0.021506566976300066
2026-01-26,2024-2026,0.04700000000000015,0.018551391601638073,0.017640589276827986,0.021098897621057686,0.035884930207757716
2026-02-02,2024-2026,0.01399999999999979,0.02795791742484576,0.030280111584943124,0.03469117712595373,0.05333783289776088
2026-02-09,2024-2026,0.03500000000000014,0.01584382029051255,0.016636476395259853,0.038952010576510966,0.04268275483018379
2026-02-16,2024-2026,0.021999999999999797,0.028954889856699754,0.02779740270151735,0.015471102802497905,0.0038815346129629892
2026-02-23,2024-2026,0.0129999999999999,0.018237334048296056,0.018832042730425453,0.016887605246247932,-0.015220414317211571
2026-03-02,2024-2026,0.07800000000000029,0.01778558961663141,0.02038569618317147,0.0367328728275119,0.04036963901403528
2026-03-09,2024-2026,0.48699999999999966,0.049931768766845235,0.04944018790241111,0.03537702039507127,0.008758882946259832
2026-03-16,2024-2026,0.21800000000000042,0.2585283862307014,0.25781209016734924,0.30250366461713457,0.2395807460610023
2026-03-23,2024-2026,0.24099999999999966,0.11429542491363096,0.11774920839890952,0.14832950929857122,0.2058241184665358
2026-03-30,2024-2026,0.02900000000000036,0.17247475610628013,0.16715127639847824,0.18511071728165912,0.16282916832849503
2026-04-06,2024-2026,0.1299999999999999,0.01980228816755495,0.03076446410023157,0.06437780844917183,0.09838003748229648
2026-04-13,2024-2026,0.0030000000000001137,0.08842118226996405,0.08942793910784169,0.11628446945218267,0.09209601633014877
2026-04-20,2024-2026,-0.07900000000000063,-0.003383784228624234,-0.014151812432964872,-0.01484019567611971,0.01943172683678298
2026-04-27,2024-2026,0.07900000000000063,-0.02525113128840262,-0.02508735823486675,-0.09270391878176037,-0.057328512651865386
2026-05-04,2024-2026,0.32899999999999974,0.041471161466840566,0.05296862238014216,0.10283947164991221,0.08272413124954836
2026-05-11,2024-2026,0.04800000000000004,0.16081863115363318,0.146623752620738,0.12689005486458368,0.11664176686510462
2026-05-18,2024-2026,-0.009999999999999787,0.026264040537786523,0.021279637378333608,-0.021996809443653585,0.028625923156626203
2026-05-25,2024-2026,-0.015000000000000568,0.023127398639365852,0.028261193074615866,0.06561773930057975,0.05915864248281535
2026-06-01,2024-2026,-0.16999999999999993,-0.016507702383494915,-0.015050812523785729,-0.06561415412611622,-0.0744876844634843
2026-06-08,2024-2026,-0.1589999999999998,-0.09390290364960464,-0.0950597964962418,-0.12119475343435798,-0.11369565309706392
2026-06-15,2024-2026,-0.0940000000000003,-0.0831681062608615,-0.07475980679845641,-0.03876626320416626,-0.050970036186513946
2026-06-22,2024-2026,-0.13799999999999946,-0.06635567331981657,-0.07203092548463765,-0.11406425817942122,-0.12191304745280741
2026-06-29,2024-2026,-0.08300000000000018,-0.08517774772123816,-0.08591567658649775,-0.09643169123946785,-0.07032191809457822
2026-07-06,2024-2026,-0.053999999999999826,-0.049914572793141584,-0.04483023591607502,-0.12148036371922778,-0.09149031055319369
2026-07-13,2024-2026,0.07799999999999985,-0.043990082488387296,-0.04416390329824813,-0.05240379877553495,-0.04106104332334647
2026-07-20,2024-2026,0.14600000000000035,0.029513040966762164,0.025491006904415234,0.025918855377440923,0.029661896473459275
2026-07-27,2024-2026,0.09499999999999975,0.060770581010511644,0.05459239596450764,0.07743654988917807,0.12060652989944969
2026-08-03,2024-2026,-0.017000000000000348,0.043678196617358965,0.043699849224629564,0.1075654936438045,0.0433248182069246
2026-08-10,2024-2026,-0.07299999999999951,-0.011534127307173611,-0.013572473112986951,-0.027140581551002716,0.0020405682426753394
2026-08-17,2024-2026,0.04300000000000015,-0.04588716673760112,-0.03983411082711541,-0.07358062782585126,-0.08451661148330555
2026-08-24,2024-2026,0.03599999999999959,0.0049712241868756675,0.006868436195268235,0.02363033710499544,-0.0027684463832850013
2026-08-31,2024-2026,-0.014000000000000234,-0.004583158265408551,-0.009216707080630633,0.016879667668338465,0.028497560868812555
2026-09-07,2024-2026,0.0860000000000003,-0.016962177059260116,-0.020266615516475125,-0.04423582127394286,0.026923912925159426
2026-09-14,2024-2026,0.16199999999999992,0.03090744450573929,0.033154494618752015,0.0699830891684933,0.025925650756950983
2026-09-21,2024-2026,0.1589999999999998,0.061851520813130514,0.06336393492289871,0.1196132789148493,0.13048833189147646
2026-09-28,2024-2026,-0.0129999999999999,0.06951319098186604,0.0690515881935024,0.06641584077589009,0.05970278675565674
